subreddit		Sentiment	Category	title	content	url	score	comments	created					
askthe_donald	R	Negative (Pro-Trump/Republican)	Voting	Dems open can of worms by asking about millions of 2020 Biden voters who somehow disappeared in 2024	https://www.theblaze.com/news/dems-open-can-of-worms-by-asking-about-the-millions-of-2020-biden-voters-who-somehow-disappeared?utm_source=facebook&utm_medium=social&utm_campaign=fb-comment_levintv&tpcc=social_fb-comment&fbclid=IwY2xjawGciHpleHRuA2FlbQIxMQABHY2TMTIQ3UNNqVYqrE3V8hVS3ktNqU1arevm0g35IoAYJbqzmThNsVOXEA_aem_2ZwqTbAWoezdgQL9vNcMzQ	https://www.theblaze.com/news/dems-open-can-of-worms-by-asking-about-the-millions-of-2020-biden-voters-who-somehow-disappeared?utm_source=facebook&utm_medium=social&utm_campaign=fb-comment_levintv&tpcc=social_fb-comment&fbclid=IwY2xjawGciHpleHRuA2FlbQIxMQABHY2TMTIQ3UNNqVYqrE3V8hVS3ktNqU1arevm0g35IoAYJbqzmThNsVOXEA_aem_2ZwqTbAWoezdgQL9vNcMzQ	441	47	2024-11-09 14:54:35					
askthe_donald	R	Negative (Pro-Trump/Republican)	Voting	CNN: Let’s see where Harris over performed Biden?…Literally NOT one county???	https://v.redd.it/z2mwvxuliczd1	https://v.redd.it/z2mwvxuliczd1	1151	67	2024-11-06 16:03:04					
askthe_donald	R	Negative (Pro-Trump/Republican)	Voting	Independent voter explains why she’s voting for Trump. Biden and Kamala are destroying USA	https://rumble.com/v5lf6cb-independent-voter-explains-why-shes-voting-for-trump.-biden-and-kamala-are-.html	https://rumble.com/v5lf6cb-independent-voter-explains-why-shes-voting-for-trump.-biden-and-kamala-are-.html	303	4	2024-11-03 10:04:38					
askthe_donald	R	Negative (Pro-Trump/Republican)	Voting	This NY Times Headline should read, “Obama/Biden/Harris/Walz Didn’t Steal The Election This Time”. The so-called certified vote difference between Dem voters in 2020 (when Biden didn’t campaign) and Dem voters in 2024 (when Kamala tried her best to campaign) is 14 million votes, more for Biden.	https://static01.nyt.com/images/2024/11/07/nytfrontpage/scan.jpg	https://static01.nyt.com/images/2024/11/07/nytfrontpage/scan.jpg	44	8	2024-11-07 12:46:07					
askthe_donald	R	Negative (Pro-Trump/Republican)	Voting	Supreme Court to block this Biden appointed judge wants Illegals RIGHT to vote in Virginia ✋️	https://rumble.com/v5k72hh-supreme-court-to-block-this-biden-appointed-judge-wants-illegals-right-to-v.html	https://rumble.com/v5k72hh-supreme-court-to-block-this-biden-appointed-judge-wants-illegals-right-to-v.html	44	1	2024-10-31 10:40:00					
askthe_donald	R	Negative (Pro-Trump/Republican)	Re-election campaign	Joe Biden - The gift that keeps on giving 😂	https://i.redd.it/ygrsfsa0vjyd1.jpeg	https://i.redd.it/ygrsfsa0vjyd1.jpeg	58	2	2024-11-02 16:40:56					
askthe_donald	R	Negative (Pro-Trump/Republican)	Re-election campaign	A lip reader has revealed the panic behind the scenes, with both Biden and Obama	https://rumble.com/v5kglqt-a-lip-reader-has-revealed-the-panic-behind-the-scenes-with-both-biden-and-o.html	https://rumble.com/v5kglqt-a-lip-reader-has-revealed-the-panic-behind-the-scenes-with-both-biden-and-o.html	89	6	2024-10-29 5:02:06					
askthe_donald	R	Negative (Pro-Trump/Republican)	Re-election campaign	I doubt Biden would ever pose with Hitler. It’s almost like they’ve all been lying about Trump.	https://i.redd.it/bgz190dqps0e1.jpeg	https://i.redd.it/bgz190dqps0e1.jpeg	1322	54	2024-11-13 23:35:37					
askthe_donald	R	Negative (Pro-Trump/Republican)	Re-election campaign	This is an Orwellian nightmare Politico just edited the Bidens trump supporters comments	https://i.redd.it/qxjqqmjl1txd1.jpeg	https://i.redd.it/qxjqqmjl1txd1.jpeg	383	25	2024-10-29 22:29:44					
askthe_donald	R	Negative (Pro-Trump/Republican)	Re-election campaign	Biden & Trump & Kamala . . .	https://i.redd.it/b2letv9y9v0e1.jpeg	https://i.redd.it/b2letv9y9v0e1.jpeg	360	3	2024-11-14 8:13:03					
askthe_donald	R	Negative (Pro-Trump/Republican)	Re-election campaign	So Biden wants WWIII instead of a 2nd Trump administration	https://rumble.com/v5qj16n-so-biden-wants-wwiii-instead-of-a-2nd-trump-administration.html	https://rumble.com/v5qj16n-so-biden-wants-wwiii-instead-of-a-2nd-trump-administration.html	376	29	2024-11-18 8:35:28					
askthe_donald	R	Negative (Pro-Trump/Republican)	Re-election campaign	House Judiciary GOP releases report on how FBI 'prebunked' Biden allegations before 2020 election	https://justthenews.com/politics-policy/elections/house-judiciary-gop-releases-report-how-fbi-prebunked-biden-allegations?utm_source=justthenews.com&utm_medium=feed&utm_campaign=external-news-aggregators	https://justthenews.com/politics-policy/elections/house-judiciary-gop-releases-report-how-fbi-prebunked-biden-allegations?utm_source=justthenews.com&utm_medium=feed&utm_campaign=external-news-aggregators	53	1	2024-10-31 12:45:25					
askthe_donald	R	Negative (Pro-Trump/Republican)	Re-election - "Garbage" Comment	Report: White House Officials Pressured Stenographers to Edit Biden’s ‘Garbage’ Smear	https://www.breitbart.com/2024-election/2024/10/31/report-breach-protocol-white-house-officials-pressured-stenographers-edit-bidens-garbage-smear/	https://www.breitbart.com/2024-election/2024/10/31/report-breach-protocol-white-house-officials-pressured-stenographers-edit-bidens-garbage-smear/	203	3	2024-11-01 4:07:40					
askthe_donald	R	Negative (Pro-Trump/Republican)	Re-election - "Garbage" Comment	Trump took Biden’s “Garbage” comment personally and got a garbage truck	https://v.redd.it/sr6hfkrqhzxd1	https://v.redd.it/sr6hfkrqhzxd1	948	40	2024-10-30 20:10:55					
askthe_donald	R	Negative (Pro-Trump/Republican)	Re-election - "Garbage" Comment	The View Goes Into A Panic After Audience GROANS at Seeing Joe Biden Call Trump Supporters GARBAGE	https://www.youtube.com/watch?v=IjDW5M4iqss	https://www.youtube.com/watch?v=IjDW5M4iqss	128	7	2024-10-31 11:51:00					
askthe_donald	R	Neutral	Public Well-being	US Lawmakers Investigate Biden White House-Affiliated UK Censorship Group's Plot To "Kill" Elon Musk's X	https://reclaimthenet.org/us-lawmakers-investigate-censorship-groups-plot-to-kill-elon-musks-x	https://reclaimthenet.org/us-lawmakers-investigate-censorship-groups-plot-to-kill-elon-musks-x	92	2	2024-11-09 16:51:46					
askthe_donald	R	Positive (Pro Biden/ Democrats))	Post-Election	"You can't love your country only when you win" Biden comments on Trump's victory	https://rumble.com/v5mwlzk-you-cant-love-your-country-only-when-you-win-biden-comments-on-trumps-victo.html	https://rumble.com/v5mwlzk-you-cant-love-your-country-only-when-you-win-biden-comments-on-trumps-victo.html	250	26	2024-11-08 15:51:50					
askthe_donald	R	Negative (Pro-Trump/Republican)	Post-Election	BIDEN: “Do you think that you can get hit in the head by the camera behind you?”	https://rumble.com/v5ouqnw-biden-do-you-think-that-you-can-get-hit-in-the-head-by-the-camera-behind-yo.html	https://rumble.com/v5ouqnw-biden-do-you-think-that-you-can-get-hit-in-the-head-by-the-camera-behind-yo.html	86	7	2024-11-13 14:21:49					
askthe_donald	R	Negative (Pro-Trump/Republican)	Post-Election	What do you notice about Joe Biden today??	https://rumble.com/v5ov532-what-do-you-notice-about-joe-biden-today.html	https://rumble.com/v5ov532-what-do-you-notice-about-joe-biden-today.html	82	23	2024-11-14 7:52:09					
askthe_donald	R	Negative (Pro-Trump/Republican)	Post-Election	Democrats: "OMG, I can't believe how weird Trump's cabinet picks are." …. Also Democrats: "Biden's cabinet was perfectly normal."	https://i.redd.it/7zbuac64z21e1.jpeg	https://i.redd.it/7zbuac64z21e1.jpeg	124	2	2024-11-15 10:06:04					
askthe_donald	R	Negative (Pro-Trump/Republican)	Foreign Conflict 	Biden - Harris spying on Israel AF, then leaking military secrets to Iran	https://x.com/marklevinshow/status/1848159010718986739?s=46	https://x.com/marklevinshow/status/1848159010718986739?s=46	176	17	2024-10-21 6:27:48					
askthe_donald	R	Negative (Pro-Trump/Republican)	Biden's final initatives	Liberals: "Trump is a threat to democracy". Also liberals: "Biden should nullify the election results".	https://i.redd.it/yyydumz2c51e1.jpeg	https://i.redd.it/yyydumz2c51e1.jpeg	567	41	2024-11-15 18:02:17					
askthe_donald	R	Negative (Pro-Trump/Republican)	Biden's final initatives	Biden could do the funniest thing right now	If Biden resigned today he could let Kamala have a couple months of glory as the first woman president, throwing a monkey wrench in for anyone else trying to play that card in the future. He would also mess up a lot of Trump 45/47 merch.	https://www.reddit.com/r/AskThe_Donald/comments/1gnjx6h/biden_could_do_the_funniest_thing_right_now/	105	57	2024-11-09 16:04:06					
askthe_donald	R	Negative (Pro-Trump/Republican)	Biden-Harris Policies	This makes me furious with the gross negligence and deliberate chaos institutionalized by the Biden/Harris Regime.	https://v.redd.it/9oai2empywxd1	https://v.redd.it/9oai2empywxd1	53	1	2024-10-30 11:57:58					
askthe_donald	R	Negative (Pro-Trump/Republican)	Biden-Harris Policies	I see they broke out the fake Biden again	https://rumble.com/v5k720r-i-see-they-broke-out-the-fake-biden-again.html	https://rumble.com/v5k720r-i-see-they-broke-out-the-fake-biden-again.html	52	6	2024-10-28 11:52:22					
libsofreddit	R	Negative (Pro-Trump/Republican)	Trump Policies	Counterpoint. Yes, that was horrible of Reagan to do, but why did Clinton, Obama and Biden do absolutely nothing when given the opportunity to correct the issue, nick? Perhaps the problem is not as simple as blaming "Republicans" all the time, eh?	https://i.redd.it/87ntt10v49wd1.jpeg	https://i.redd.it/87ntt10v49wd1.jpeg	199	25	2024-10-22 2:29:21					
libsofreddit	R	Negative (Pro-Trump/Republican)	Re-election campaign	Biden snubbed again 😂	https://v.redd.it/jp5fjpybkq1e1	https://v.redd.it/jp5fjpybkq1e1	60	5	2024-11-18 17:26:34					
libsofreddit	R	Negative (Pro-Trump/Republican)	Re-election campaign	Fron a thread on my birth state. Whining about a trump themed bus in my home county. Why does this only apply to trump? Why is biden's draft dodging never discusser? Why is kamala's lack of military service discussed?	https://i.redd.it/bif03i3pezxd1.jpeg	https://i.redd.it/bif03i3pezxd1.jpeg	23	5	2024-10-30 19:55:55					
libsofreddit	R	Negative (Pro-Trump/Republican)	Re-election campaign	Biden is at it again… He says Republicans "are the kind of guys you'd like to smack in the ass"	https://v.redd.it/y81ljzxnsjyd1	https://v.redd.it/y81ljzxnsjyd1	362	70	2024-11-02 16:27:45					
libsofreddit	R	Negative (Pro-Trump/Republican)	Re-election campaign	If everything goes good its thanks to biden. if everything goes bad its thanks to trump.	https://i.redd.it/enxmyh6nii0e1.jpeg	https://i.redd.it/enxmyh6nii0e1.jpeg	131	28	2024-11-12 13:18:05					
libsofreddit	R	Positive (Pro Biden/ Democrats))	Re-election - "Garbage" Comment	Joe Biden Calls Trump Supporters ... "GARBAGE" ... But I Ain't Mad at Him	https://rumble.com/v5kpl8y-joe-biden-calls-trump-supporters-...-garbage-...-but-i-aint-mad-at-him.html	https://rumble.com/v5kpl8y-joe-biden-calls-trump-supporters-...-garbage-...-but-i-aint-mad-at-him.html	13	2	2024-10-30 6:29:23					
libsofreddit	R	Positive (Pro Biden/ Democrats))	Public Well-being	Nom Nom Nom - Biden eats a babies foot	https://v.redd.it/jld1nle1a0yd1	https://v.redd.it/jld1nle1a0yd1	16	1	2024-10-30 22:49:31					
libsofreddit	R	Negative (Pro-Trump/Republican)	Biden-Harris Policies	Gov. Shapiro of Pennsylvania can’t answer and name one key policy difference between President Biden and Kamala Harris	https://v.redd.it/fza4crkd0eyd1	https://v.redd.it/fza4crkd0eyd1	143	6	2024-11-01 21:00:19					
republican	R	Negative (Pro-Trump/Republican)	Voting	In 2016 I was 6 months too young to vote, in 2020 I voted Biden, in 2024 I’m not making the same mistake again	https://i.redd.it/uc5y5ept85xd1.jpeg	https://i.redd.it/uc5y5ept85xd1.jpeg	1536	152	2024-10-26 14:27:29					
republican	R	Negative (Pro-Trump/Republican)	Voting	Voted for Biden in 2020, Trump 2024	I am not super involved in politics and never have been. This year feels different. I feel like our country has moved in a scary direction over the last 4 years. Trump is not the save all, but we couldn't handle another 4 years of Biden let alone Harris. So i am voting Trump. Make America Great Again!	https://www.reddit.com/r/Republican/comments/1ghmoya/voted_for_biden_in_2020_trump_2024/	126	9	2024-11-01 22:34:23					
republican	R	Negative (Pro-Trump/Republican)	Re-election campaign	Horrible Harris Asks Biden To Stop Doing Trump Dance In Cabinet Meetings	https://babylonbee.com/news/kamala-asks-biden-to-stop-doing-trump-dance-in-cabinet-meetings	https://babylonbee.com/news/kamala-asks-biden-to-stop-doing-trump-dance-in-cabinet-meetings	102	8	2024-11-19 16:42:53					
republican	R	Negative (Pro-Trump/Republican)	Re-election campaign	Update on the White House's North Korea Style Transcript Edit | AKA, Caught Editing Biden's Malarkey	https://townhall.com/tipsheet/katiepavlich/2024/11/01/theres-an-update-on-the-white-houses-north-korea-style-transcript-edit-n2647117	https://townhall.com/tipsheet/katiepavlich/2024/11/01/theres-an-update-on-the-white-houses-north-korea-style-transcript-edit-n2647117	45	2	2024-11-01 13:32:55					
republican	R	Positive (Pro Biden/ Democrats))	Re-election campaign	Biden calls for Trump to be 'politically' locked up at New Hampshire event	https://www.foxnews.com/politics/biden-calls-trump-politically-locked-new-hampshire-event	https://www.foxnews.com/politics/biden-calls-trump-politically-locked-new-hampshire-event	166	25	2024-10-23 6:24:42					
republican	R	Positive (Pro Biden/ Democrats))	Re-election campaign	SNL just *COOKED* Kamala Harris and Joe Biden 👏	https://x.com/Motabhai012/status/1850600868443505137?t=4Z59Qwh5eR7vAZzI18ujjQ&s=19	https://x.com/Motabhai012/status/1850600868443505137?t=4Z59Qwh5eR7vAZzI18ujjQ&s=19	111	7	2024-10-28 11:46:48					
republican	R	Negative (Pro-Trump/Republican)	Re-election - "Garbage" Comment	Trump just rolled up in a Wisconsin garbage truck "in honor of Kamala and Joe Biden" 🤣	https://notthebee.com/article/donald-trump-just-took-a-spin-in-a-wisconsin-garbage-truck-in-honor-of-kamala-and-joe-biden-	https://notthebee.com/article/donald-trump-just-took-a-spin-in-a-wisconsin-garbage-truck-in-honor-of-kamala-and-joe-biden-	495	49	2024-10-30 19:59:59					
republican	R	Negative (Pro-Trump/Republican)	Re-election - "Garbage" Comment	And we're garbage? Joe Biden biting a random baby at a Halloween event.	https://www.reddit.com/gallery/1gg5jar	https://www.reddit.com/gallery/1gg5jar	196	53	2024-10-30 23:36:24					
republican	R	Negative (Pro-Trump/Republican)	Re-election - "Garbage" Comment	White House, media allies blame ‘missing apostrophe,’ edit transcript in desperate bid to spin Biden’s ‘garbage’ comment	https://nypost.com/2024/10/30/us-news/bidens-garbage-comment-due-to-missing-apostrophe-white-house/	https://nypost.com/2024/10/30/us-news/bidens-garbage-comment-due-to-missing-apostrophe-white-house/	94	29	2024-10-30 11:07:19					
republican	R	Neutral	Re-election - "Garbage" Comment	Trump Rides in MAGA Garbage Truck in Response to Biden’s ‘Garbage’ Remark About Supporters	https://m10news.com/trump-rides-in-maga-garbage-truck-in-response-to-bidens-garbage-remark-about-supporters/	https://m10news.com/trump-rides-in-maga-garbage-truck-in-response-to-bidens-garbage-remark-about-supporters/	251	26	2024-10-31 12:54:44					
republican	R	Negative (Pro-Trump/Republican)	Public Well-being	Biden's FDA came up with the dumbest reason for Costco to recall 80,000 lbs of butter (people can't wait for Trump and Elon to start cleaning house)	https://notthebee.com/article/with-thanksgiving-a-little-over-two-weeks-out-the-biden-admin-came-up-with-the-dumbest-reason-for-costco-to-recall-70000-lbs-of-butter	https://notthebee.com/article/with-thanksgiving-a-little-over-two-weeks-out-the-biden-admin-came-up-with-the-dumbest-reason-for-costco-to-recall-70000-lbs-of-butter	62	23	2024-11-11 12:58:41					
republican	R	Neutral	Post-Election	Exclusive — Speaker Johnson Orders Entire Biden Administration to Preserve and Retain All Records and Documents	https://www.breitbart.com/politics/2024/11/12/exclusive-speaker-johnson-orders-entire-biden-administration-preserve-retain-all-records-documents/	https://www.breitbart.com/politics/2024/11/12/exclusive-speaker-johnson-orders-entire-biden-administration-preserve-retain-all-records-documents/	145	12	2024-11-12 16:36:30					
republican	R	Negative (Pro-Trump/Republican)	Post-Election	Melania Declines White House Meeting with Jill Biden for a Startling Reason – Booyah !!!	https://pjmedia.com/robert-spencer/2024/11/12/she-aint-going-melania-declines-white-house-meeting-with-jill-biden-for-a-startling-reason-n4934197	https://pjmedia.com/robert-spencer/2024/11/12/she-aint-going-melania-declines-white-house-meeting-with-jill-biden-for-a-startling-reason-n4934197	194	33	2024-11-12 10:20:21					
republican	R	Neutral	Post-Election	President-Elect Trump Meets President Biden to Discuss Transition of Power	https://m10news.com/president-elect-trump-meets-president-biden-to-discuss-transition-of-power/	https://m10news.com/president-elect-trump-meets-president-biden-to-discuss-transition-of-power/	24	6	2024-11-13 11:53:55					
republican	R	Negative (Pro-Trump/Republican)	Post-Election	r/Pics be tweaking. Biden knew Trump would win!	https://i.redd.it/hpal8aqn7czd1.jpeg	https://i.redd.it/hpal8aqn7czd1.jpeg	217	9	2024-11-06 15:01:41					
republican	R	Positive (Pro Biden/ Democrats))	Post-Election	President Biden Congratulates Vice President Harris and President-Elect Trump, Emphasizes Smooth Transition	https://m10news.com/president-biden-congratulates-vice-president-harris-and-president-elect-trump-emphasizes-smooth-transition/	https://m10news.com/president-biden-congratulates-vice-president-harris-and-president-elect-trump-emphasizes-smooth-transition/	27	12	2024-11-06 17:02:12					
republican	R	Negative (Pro-Trump/Republican)	Foreign Conflict 	Missiles just struck deep inside Russia. The Kremlin's response was to authorize the use of nukes. | Our Greatest Threat Appears To Be Biden 🤔	https://notthebee.com/article/american-missiles-just-struck-inside-russia-which-is-now-threatening-nuclear-war	https://notthebee.com/article/american-missiles-just-struck-inside-russia-which-is-now-threatening-nuclear-war	80	55	2024-11-19 16:35:53					
republican	R	Negative (Pro-Trump/Republican)	Foreign Conflict 	Putin lowers the threshold for using his nuclear arsenal after Biden's arms decision for Ukraine	https://apnews.com/article/russia-nuclear-doctrine-putin-91f20e0c9b0f9e5eaa3ed97c35789898	https://apnews.com/article/russia-nuclear-doctrine-putin-91f20e0c9b0f9e5eaa3ed97c35789898	37	44	2024-11-19 10:29:23					
republican	R	Neutral	Foreign Conflict 	Biden Allows Ukraine to Strike Russia With Long-Range U.S. Missiles	https://www.nytimes.com/2024/11/17/us/politics/biden-ukraine-russia-atacms-missiles.html	https://www.nytimes.com/2024/11/17/us/politics/biden-ukraine-russia-atacms-missiles.html	261	194	2024-11-17 15:29:55					
republican	R	Negative (Pro-Trump/Republican)	Economic Impact	Only 12,000 Jobs Were Created In the Nation in October in Biden's Miracle Economy	https://ace.mu.nu/archives/412182.php	https://ace.mu.nu/archives/412182.php	154	16	2024-11-01 16:42:07					
republican	R	Negative (Pro-Trump/Republican)	Biden-Harris Policies	J.D. FOSTER: Biden-Harris Policies Left American Workers In The Lurch	https://youtube.com/watch?v=Ba3oBmrUQJ4&si=bohcCgornG4R8_Rz	https://youtube.com/watch?v=Ba3oBmrUQJ4&si=bohcCgornG4R8_Rz	20	0	2024-11-03 16:32:42					
republican	R	Negative (Pro-Trump/Republican)	Biden-Harris Policies	Border Patrol Agents: Biden-Harris Trying to Hide Migrants	https://www.newsmax.com/us/border-immigration-migrants/2024/10/23/id/1185153/	https://www.newsmax.com/us/border-immigration-migrants/2024/10/23/id/1185153/	156	8	2024-10-23 15:39:07					
republican	R	Negative (Pro-Trump/Republican)	Biden-Harris Policies	The Biden-Harris Race-Preference Regime. A new report documents DEI programs in the federal government. This is a cleanup opportunity for the Trump Administration.	https://www.wsj.com/opinion/federal-government-dei-report-joe-biden-kamala-harris-do-no-harm-e1ad505e	https://www.wsj.com/opinion/federal-government-dei-report-joe-biden-kamala-harris-do-no-harm-e1ad505e	130	7	2024-11-09 7:34:24					
republican	R	Negative (Pro-Trump/Republican)	Biden-Harris Policies	WoPo Gives Nancy Pelosi ‘Four Pinocchios' for Saying Biden Was Better than Trump on Border	https://www.breitbart.com/2024-election/2024/11/13/wopo-gives-nancy-pelosi-four-pinocchios-for-saying-biden-was-better-than-trump-on-border/	https://www.breitbart.com/2024-election/2024/11/13/wopo-gives-nancy-pelosi-four-pinocchios-for-saying-biden-was-better-than-trump-on-border/	173	22	2024-11-13 13:31:45					
republican	R	Negative (Pro-Trump/Republican)	Biden-Harris Policies	Stores Closing as Consumers Pull Back on Spending | Thanks to Biden-Harris Economy	https://www.breitbart.com/economy/2024/10/26/many-u-s-stores-closing-consumers-pull-back-spending-biden-harris-economy/	https://www.breitbart.com/economy/2024/10/26/many-u-s-stores-closing-consumers-pull-back-spending-biden-harris-economy/	37	3	2024-10-26 22:12:51					
republicans	R	Negative (Pro-Trump/Republican)	Re-election campaign	Kamala’s body language points to her fabricating her answer about Joe Biden’s decline. She is looking to the right when answering, which indicates she is accessing her creative or imaginative side. Prove me wrong…	https://www.foxnews.com/media/harris-confirms-she-honest-american-people-about-bidens-mental-acuity-capable-every-way	https://www.foxnews.com/media/harris-confirms-she-honest-american-people-about-bidens-mental-acuity-capable-every-way	0	11	2024-10-22 21:23:16					
republicans	R	Negative (Pro-Trump/Republican)	Re-election campaign	Fox News interview shows why Harris would only continue Biden’s failure	https://www.washingtonexaminer.com/opinion/3193504/fox-news-interview-shows-why-harris-would-only-continue-biden-failure/	https://www.washingtonexaminer.com/opinion/3193504/fox-news-interview-shows-why-harris-would-only-continue-biden-failure/	6	1	2024-10-21 8:42:19					
republicans	R	Neutral	Re-election campaign	Former Biden WH Aide Issues Dire Warning to Democrats, Media Over New Slurs Aimed at Pete Hegseth	https://redstate.com/beccalower/2024/11/15/former-biden-wh-aide-issues-dire-warning-over-democrats-media-continuing-to-throw-extremist-slurs-n2182060	https://redstate.com/beccalower/2024/11/15/former-biden-wh-aide-issues-dire-warning-over-democrats-media-continuing-to-throw-extremist-slurs-n2182060	3	5	2024-11-16 9:40:47					
republicans	R	Negative (Pro-Trump/Republican)	Re-election campaign	Kamala Harris simply cannot escape her ties to Biden and his disastrous administration	https://nypost.com/2024/10/30/opinion/kamala-harris-simply-cannot-escape-her-ties-to-biden-and-his-disastrous-administration/	https://nypost.com/2024/10/30/opinion/kamala-harris-simply-cannot-escape-her-ties-to-biden-and-his-disastrous-administration/	28	7	2024-10-30 11:12:54					
republicans	R	Negative (Pro-Trump/Republican)	Re-election - "Garbage" Comment	Donald Trump rides in garbage truck in effort to seize on Biden comment	https://thehill.com/homenews/campaign/4962923-trump-rides-garbage-truck-to-seize-biden-comment/	https://thehill.com/homenews/campaign/4962923-trump-rides-garbage-truck-to-seize-biden-comment/	33	8	2024-10-30 21:29:31					
republicans	R	Neutral	Re-election - "Garbage" Comment	How Trump Kept Biden’s ‘Garbage’ Gaffe from Getting Thrown Out	https://www.realclearpolitics.com/articles/2024/10/31/how_trump_kept_bidens_garbage_gaffe_from_getting_thrown_out__151871.html	https://www.realclearpolitics.com/articles/2024/10/31/how_trump_kept_bidens_garbage_gaffe_from_getting_thrown_out__151871.html	0	1	2024-10-31 7:50:21					
republicans	R	Negative (Pro-Trump/Republican)	Public Well-being	The Biden-Harris open border is inviting yet another horror: tuberculosis	https://nypost.com/2024/11/08/opinion/joe-bidens-open-border-is-inviting-yet-another-horror-tuberculosis/	https://nypost.com/2024/11/08/opinion/joe-bidens-open-border-is-inviting-yet-another-horror-tuberculosis/	2	1	2024-11-10 21:49:52					
republicans	R	Negative (Pro-Trump/Republican)	Post-Election	Biden went out with a bang!	https://i.redd.it/mi2abn39060e1.jpeg	https://i.redd.it/mi2abn39060e1.jpeg	25	9	2024-11-10 19:13:37					
republicans	R	Negative (Pro-Trump/Republican)	Economic Impact	Biden’s swamp record: $1.8 trillion in regulations, 800x Trump	https://www.msn.com/en-us/news/politics/biden-s-swamp-record-18-trillion-in-regulations-800x-trump/ar-AA1u5rxi	https://www.msn.com/en-us/news/politics/biden-s-swamp-record-18-trillion-in-regulations-800x-trump/ar-AA1u5rxi	7	1	2024-11-15 9:21:50					
republicans	R	Negative (Pro-Trump/Republican)	Biden-Harris Policies	Biden and Harris spent $6 Trillion of our tax dollars but where and on what? We the People deserve an itemized list of expenditures -NOW! Evidence of massive money-laundering has surfaced for the second time in 2024… Fiscal Fraud for sure.	https://citizensnewsbureau.wordpress.com/2024/10/23/biden-and-harris-spent-6-trillion-of-our-tax-payer-dollars-but-where-and-on-what-we-the-people-deserve-an-itemized-list-of-expenditures-now-evidence-of-massive-money-laundering-has-surfaced-for-th/	https://citizensnewsbureau.wordpress.com/2024/10/23/biden-and-harris-spent-6-trillion-of-our-tax-payer-dollars-but-where-and-on-what-we-the-people-deserve-an-itemized-list-of-expenditures-now-evidence-of-massive-money-laundering-has-surfaced-for-th/	13	2	2024-10-24 18:06:35					
republicans	R	Negative (Pro-Trump/Republican)	Biden-Harris Policies	Do you think Biden will step down and leave Kamalajajaja as Presiden	https://i.redd.it/zs9nkv078c0e1.png	https://i.redd.it/zs9nkv078c0e1.png	0	55	2024-11-11 16:08:50					
republicans	R	Negative (Pro-Trump/Republican)	Biden-Harris Policies	How is our government spending our tax dollars? Don't believe this website which does not even mention the $450B being expended by DARPA nor SPECIFIC infrastructure projects. Imagine your teen telling you he spent $500 from your credit card on "entertainment". Biden and Harris are doing same thing.	https://www.usaspending.gov/explorer	https://www.usaspending.gov/explorer	5	1	2024-10-25 16:08:47					
thebidenshitshow	R	Negative (Pro-Trump/Republican)	Trump Policies	When Democrats are baffled about Trump’s picks, remind them of some of Biden’s picks	https://i.redd.it/uzw8rgd25r0e1.jpeg	https://i.redd.it/uzw8rgd25r0e1.jpeg	475	17	2024-11-13 18:18:00					
thebidenshitshow	R	Negative (Pro-Trump/Republican)	Re-election campaign	Thank you Jill Biden!	I want to thank Jill Biden for her absolute selfishness!!!     It was her greedy, self-indulgent desire to continue to be the First Lady which caused Joe not to     resign long time ago.    It was her own narcissistic reach of power that caused the whole last minute change of candidates to the disposable, knee-pad wearing Kamala.    Jill, thank you for all you did in your part of the shameful covering of your husband's Alzheimer's till it showed on his public debate with President Trump, where all of America could see for themselves with out the MSM trying to deny and cover.     If you had not continued with this ruse, the outcome could have been different, but with the disposable Kamala, the outcome was assured: A President Trump overwhelming election.    Thanks again Jill.	https://www.reddit.com/r/TheBidenshitshow/comments/1gp17q8/thank_you_jill_biden/	193	32	2024-11-11 14:46:58					
thebidenshitshow	R	Negative (Pro-Trump/Republican)	Re-election campaign	Joe Biden Corn Maze	https://i.redd.it/dcbi7zr5grxd1.jpeg	https://i.redd.it/dcbi7zr5grxd1.jpeg	576	10	2024-10-29 17:07:47					
thebidenshitshow	R	Negative (Pro-Trump/Republican)	Re-election campaign	Biden after derailing Kamala's campaign with a single statement & refusing to show up to her election night watch party	https://v.redd.it/mmtaz3bgb8zd1	https://v.redd.it/mmtaz3bgb8zd1	196	15	2024-11-06 1:57:21					
thebidenshitshow	R	Negative (Pro-Trump/Republican)	Re-election - "Garbage" Comment	Joe Biden says that we are garbage	https://i.redd.it/q4kedgc6axxd1.png	https://i.redd.it/q4kedgc6axxd1.png	315	22	2024-10-30 12:44:58					
thebidenshitshow	R	Negative (Pro-Trump/Republican)	Public Well-being	Biden bites a baby tonight at the White House Halloween celebration.	https://i.redd.it/03qcw39vfzxd1.jpeg	https://i.redd.it/03qcw39vfzxd1.jpeg	241	16	2024-10-30 20:00:24					
thebidenshitshow	R	Positive (Pro Biden/ Democrats))	Public Well-being	Joe Biden stuck a baby’s foot in his mouth at White House Halloween celebration.	https://v.redd.it/r4kuxg8unzxd1	https://v.redd.it/r4kuxg8unzxd1	237	29	2024-10-30 20:45:06					
thebidenshitshow	R	Negative (Pro-Trump/Republican)	Post-Election	cheerful Biden	https://i.redd.it/wgqscbs4wqzd1.png	https://i.redd.it/wgqscbs4wqzd1.png	923	55	2024-11-08 16:24:01					
thebidenshitshow	R	Negative (Pro-Trump/Republican)	Post-Election	The reign of Biden is finally over.	Thank you all. We won.	https://www.reddit.com/r/TheBidenshitshow/comments/1gks18k/the_reign_of_biden_is_finally_over/	786	63	2024-11-06 1:24:49					
thebidenshitshow	R	Negative (Pro-Trump/Republican)	Post-Election	So Biden wants WWIII instead of a 2nd Trump administration	https://rumble.com/v5qj16n-so-biden-wants-wwiii-instead-of-a-2nd-trump-administration.html	https://rumble.com/v5qj16n-so-biden-wants-wwiii-instead-of-a-2nd-trump-administration.html	169	18	2024-11-18 8:36:40					
thebidenshitshow	R	Negative (Pro-Trump/Republican)	Post-Election	Remember Those 51 Hunter Biden Laptop Deniers? They May Lose Their Security Clearances.	https://pjmedia.com/matt-margolis/2024/11/15/remember-those-51-hunter-biden-laptop-deniers-they-may-lose-their-security-clearances-n4934340	https://pjmedia.com/matt-margolis/2024/11/15/remember-those-51-hunter-biden-laptop-deniers-they-may-lose-their-security-clearances-n4934340	295	17	2024-11-16 14:24:32					
thebidenshitshow	R	Negative (Pro-Trump/Republican)	Post-Election	Melania Declines White House Meeting with Jill Biden for a Startling Reason – Booyah !!!	https://pjmedia.com/robert-spencer/2024/11/12/she-aint-going-melania-declines-white-house-meeting-with-jill-biden-for-a-startling-reason-n4934197	https://pjmedia.com/robert-spencer/2024/11/12/she-aint-going-melania-declines-white-house-meeting-with-jill-biden-for-a-startling-reason-n4934197	135	26	2024-11-12 10:28:25					
thebidenshitshow	R	Negative (Pro-Trump/Republican)	Foreign Conflict 	Missiles just struck deep inside Russia. The Kremlin's response was to authorize the use of nukes. | Our Greatest Threat Appears To Be Biden 🤔	https://notthebee.com/article/american-missiles-just-struck-inside-russia-which-is-now-threatening-nuclear-war	https://notthebee.com/article/american-missiles-just-struck-inside-russia-which-is-now-threatening-nuclear-war	211	46	2024-11-19 11:10:51					
thebidenshitshow	R	Negative (Pro-Trump/Republican)	Biden-Harris Policies	Independent voter explains why she’s voting for Trump. Biden and Kamala are destroying USA	https://rumble.com/v5lf6cb-independent-voter-explains-why-shes-voting-for-trump.-biden-and-kamala-are-.html	https://rumble.com/v5lf6cb-independent-voter-explains-why-shes-voting-for-trump.-biden-and-kamala-are-.html	139	3	2024-11-03 10:06:30					
thebidenshitshow	R	Negative (Pro-Trump/Republican)	Biden-Harris Policies	Look at this they're trying to pin bidens homeless mess in new York on Trump Rally Goers...	https://i.redd.it/nwicuqvsdqxd1.jpeg	https://i.redd.it/nwicuqvsdqxd1.jpeg	169	20	2024-10-29 20:04:46					
thetrumpzone	R	Negative (Pro-Trump/Republican)	Voting	(VIDEO) "Did You See That Smile? Biden Definitely Voted for Trump!" Joe Rogan on Trump and Biden Meeting	https://shortlnk.me/6uwspi	https://shortlnk.me/6uwspi	33	3	2024-11-16 6:07:19					
thetrumpzone	R	Negative (Pro-Trump/Republican)	Voting	That dude is not alive lol looks like Biden	https://i.redd.it/gkyek8hii5zd1.jpeg	https://i.redd.it/gkyek8hii5zd1.jpeg	5	1	2024-11-05 16:30:04					
thetrumpzone	R	Negative (Pro-Trump/Republican)	Re-election campaign	Donald Trump says Joe Biden “Quit like a little loser” 🤣 which of course he did	https://v.redd.it/cea8zmb0c5yd1	https://v.redd.it/cea8zmb0c5yd1	111	3	2024-10-31 15:49:33					
thetrumpzone	R	Negative (Pro-Trump/Republican)	Re-election campaign	This is crazy. Other subs are banning people for being associated with Pro-Trump subs. How would this work if subs banned people for being pro Kamala, Biden, or Obama?	https://i.redd.it/9djnrigg9pzd1.jpeg	https://i.redd.it/9djnrigg9pzd1.jpeg	243	64	2024-11-08 10:56:19					
thetrumpzone	R	Positive (Pro Biden/ Democrats))	Re-election campaign	Biden Calls For More Political Persecution of Trump: ‘We Got To Lock Him Up’	https://thefederalist.com/2024/10/22/biden-calls-for-political-persecution-of-trump-we-gotta-lock-him-up/	https://thefederalist.com/2024/10/22/biden-calls-for-political-persecution-of-trump-we-gotta-lock-him-up/	9	1	2024-10-23 4:50:08					
thetrumpzone	R	Negative (Pro-Trump/Republican)	Re-election campaign	Peace through strength. Biden will try to take credit for this.	https://i.redd.it/ek4lvamp2kzd1.jpeg	https://i.redd.it/ek4lvamp2kzd1.jpeg	73	3	2024-11-07 17:28:14					
thetrumpzone	R	Negative (Pro-Trump/Republican)	Re-election campaign	Democrats: "OMG, I can't believe how weird Trump's cabinet picks are." …. Also Democrats: "Biden's cabinet was perfectly normal."	https://i.redd.it/ku4nmwwbz21e1.jpeg	https://i.redd.it/ku4nmwwbz21e1.jpeg	3	2	2024-11-15 10:07:17					
thetrumpzone	R	Negative (Pro-Trump/Republican)	Re-election - "Garbage" Comment	Joe Biden's "garbage" was talking about Trump supporters, White House was covering it up.	https://i.redd.it/g4arsagnvcyd1.jpeg	https://i.redd.it/g4arsagnvcyd1.jpeg	276	18	2024-11-01 17:14:36					
thetrumpzone	R	Negative (Pro-Trump/Republican)	Re-election - "Garbage" Comment	Biden calls Trump supporters "garbage."	The White House scrambled Tuesday night to clean up a remark by President Joe Biden, who appeared to refer to Donald Trump's supporters as "garbage" — though the president and his aides vehemently denied that was his intention.    President Biden calls Trump supporters [garbage. ](https://www.politico.com/live-updates/2024/10/29/2024-elections-live-coverage-updates-analysis/biden-sparks-garbage-firestorm-00186187)	https://www.reddit.com/r/TheTrumpZone/comments/1gfddsw/biden_calls_trump_supporters_garbage/	60	9	2024-10-29 23:21:53					
thetrumpzone	R	Positive (Pro Biden/ Democrats))	Re-election - "Garbage" Comment	🚨BREAKING: Trump campaign responds to Joe Biden calling supporters “garbage”	https://i.redd.it/6rua3ow99txd1.jpeg	https://i.redd.it/6rua3ow99txd1.jpeg	227	20	2024-10-29 23:12:46					
thetrumpzone	R	Negative (Pro-Trump/Republican)	Post-Election	Biden looks happy af that Trump won.	https://i.redd.it/11arryhxaizd1.jpeg	https://i.redd.it/11arryhxaizd1.jpeg	336	33	2024-11-07 11:30:44					
thetrumpzone	R	Negative (Pro-Trump/Republican)	Post-Election	So Biden thinks he'll force Trump's hand...	https://i.redd.it/0179pv746q1e1.png	https://i.redd.it/0179pv746q1e1.png	551	37	2024-11-18 16:06:16					
thetrumpzone	R	Negative (Pro-Trump/Republican)	Post-Election	Melania Trump Slams Jill Biden Over Post-Assassination Outreach, Doubts Her ‘Genuine Concern’	https://m10news.com/melania-trump-slams-jill-biden-over-post-assassination-outreach-doubts-her-genuine-concern/	https://m10news.com/melania-trump-slams-jill-biden-over-post-assassination-outreach-doubts-her-genuine-concern/	53	1	2024-11-13 15:13:54					
thetrumpzone	R	Neutral	Post-Election	BREAKING VIDEO: Joe Biden and Donald Trump meet at the White House	https://v.redd.it/kc6tmr4x6p0e1	https://v.redd.it/kc6tmr4x6p0e1	21	3	2024-11-13 11:45:31					
thetrumpzone	R	Negative (Pro-Trump/Republican)	Post-Election	If you are upset over the election results, just do what Biden would do.	Have some chocolate chocolate chip ice cream and go to the beach.	https://www.reddit.com/r/TheTrumpZone/comments/1gmln01/if_you_are_upset_over_the_election_results_just/	11	7	2024-11-08 10:50:09					
thetrumpzone	R	Negative (Pro-Trump/Republican)	Post-Election	If you are upset over the election results, just do what Biden would do.	Have some chocolate chocolate chip ice cream and go to the beach.	https://www.reddit.com/r/TheTrumpZone/comments/1gmllzo/if_you_are_upset_over_the_election_results_just/	1	1	2024-11-08 10:48:54					
thetrumpzone	R	Negative (Pro-Trump/Republican)	Foreign Conflict 	Biden will have to answer for this if Putin escalates. Now the best hope we have is that Putin of all people will show restraint.	https://i.redd.it/k99k7yq0xu1e1.jpeg	https://i.redd.it/k99k7yq0xu1e1.jpeg	1	1	2024-11-19 8:08:01					
thetrumpzone	R	Negative (Pro-Trump/Republican)	Foreign Conflict 	"Biden Goes Against Biden" As He Approves Mines for Ukraine, Reversing Own Policy	https://dogeforusa.com/breaking-news/biden-goes-against-biden-as-he-approves-mines-for-ukraine-reversing-own-policy/	https://dogeforusa.com/breaking-news/biden-goes-against-biden-as-he-approves-mines-for-ukraine-reversing-own-policy/	86	11	2024-11-19 21:33:28					
thetrumpzone	R	Negative (Pro-Trump/Republican)	Economic Impact	BREAKING: Trump's New Secretary Pick Aims to Demolish Biden's 'Failing' Infrastructure Plan!"	https://dogeforusa.com/discussion/breaking-trumps-new-secretary-pick-aims-to-demolish-bidens-failing-infrastructure-plan/	https://dogeforusa.com/discussion/breaking-trumps-new-secretary-pick-aims-to-demolish-bidens-failing-infrastructure-plan/	26	1	2024-11-18 18:45:47					
thetrumpzone	R	Negative (Pro-Trump/Republican)	Biden-Harris Policies	Top Harris surrogate Josh Shapiro can't name a single policy difference between Kamala and Biden (because there are none)	https://v.redd.it/e90utbp46byd1	https://v.redd.it/e90utbp46byd1	67	5	2024-11-01 13:28:49					
timpool	R	Negative (Pro-Trump/Republican)	Biden's final initatives	Now that Harris lost the election how long before she 25th amendments Biden and declares herself to first female black Indian president	I give it till Friday	https://www.reddit.com/r/TimPool/comments/1gkwtlq/now_that_harris_lost_the_election_how_long_before/	26	52	2024-11-06 6:58:34					
trump	R	Negative (Pro-Trump/Republican)	Trump Policies	When Democrats are baffled by Trump’s picks, remind them of some of Biden’s picks.	https://i.redd.it/5mp72ddmcr0e1.jpeg	https://i.redd.it/5mp72ddmcr0e1.jpeg	547	68	2024-11-13 19:00:21					
trump	R	Negative (Pro-Trump/Republican)	Trump Policies	Trump has done more in 72 hours than Biden-Harris did in 4 years	Since Trump's Landslide Victory:     ✅ Illegal migrant caravans turn around    ✅ EU pledges to buy American oil, not Russia oil    ✅️ Putin will sell oil in U.S. dollars    ✅ Qatar agrees to kick Hamas out    ✅️ Russia ready to negotiate     ✅️ Big U.S. companies to move out of China    ✅ Stock market index soars     ✅ NY ends debit cards for illegals    ✅ DOJ cases against Trump dropped	https://www.reddit.com/r/trump/comments/1gmphu7/trump_has_done_more_in_72_hours_than_bidenharris/	870	95	2024-11-08 13:31:15					
trump	R	Negative (Pro-Trump/Republican)	Re-election campaign	Trump gets Biden's endorsement after fixing the Ice Cream Machine	https://i.redd.it/tjgwub34qjwd1.jpeg	https://i.redd.it/tjgwub34qjwd1.jpeg	68	4	2024-10-23 14:05:13					
trump	R	Negative (Pro-Trump/Republican)	Re-election campaign	I love the memes about Biden being an insider agent for Trump	https://i.redd.it/u442ndnssx0e1.jpeg	https://i.redd.it/u442ndnssx0e1.jpeg	311	24	2024-11-14 16:41:42					
trump	R	Negative (Pro-Trump/Republican)	Re-election campaign	Trump Calls Biden a stupid bastard and Dems are mad about it lol	https://v.redd.it/2rhhkglx0dyd1	https://v.redd.it/2rhhkglx0dyd1	382	53	2024-11-01 17:42:30					
trump	R	Neutral	Re-election campaign	Melania Trump Declines White House Meeting with Jill Biden, Citing Mar-a-Lago Raid	https://m10news.com/melania-trump-declines-white-house-meeting-with-jill-biden-citing-mar-a-lago-raid/	https://m10news.com/melania-trump-declines-white-house-meeting-with-jill-biden-citing-mar-a-lago-raid/	388	51	2024-11-12 6:40:44					
trump	R	Negative (Pro-Trump/Republican)	Re-election - "Garbage" Comment	Biden calls Trump supporters garbage WOW	https://v.redd.it/j4ibz77htsxd1	https://v.redd.it/j4ibz77htsxd1	501	128	2024-10-29 21:44:16					
trump	R	Negative (Pro-Trump/Republican)	Post-Election	Biden lowkey won trump the election 💀	https://v.redd.it/e5y5cs0s050e1	https://v.redd.it/e5y5cs0s050e1	462	27	2024-11-10 15:54:49					
trump	R	Neutral	Post-Election	Trump/Biden meeting went well this week	https://i.redd.it/1cjkkmkxeb1e1.jpeg	https://i.redd.it/1cjkkmkxeb1e1.jpeg	211	6	2024-11-16 14:29:13					
trump	R	Negative (Pro-Trump/Republican)	Biden's final initatives	Why is Biden trying to encourage further war before Trump takes office?	The Biden admin is authorizing the use of American missiles to strike Russian territory targets. They know that Trump intends to end the war in Ukraine. So why is the Biden Admin doing this now? Is this one last kickback to their donors (the military industrial complex)?	https://www.reddit.com/r/trump/comments/1guatzj/why_is_biden_trying_to_encourage_further_war/	171	105	2024-11-18 12:53:25					
tucker_carlson	R	Negative (Pro-Trump/Republican)	Voting	This NY Times Headline should read, “Obama/Biden/Harris/Walz Didn’t Steal The Election This Time”. The so-called certified vote difference between Dem voters in 2020 (when Biden didn’t campaign) and Dem voters in 2024 (when Kamala tried her best to campaign) is 14 million votes, more for Biden.	https://static01.nyt.com/images/2024/11/07/nytfrontpage/scan.jpg	https://static01.nyt.com/images/2024/11/07/nytfrontpage/scan.jpg	30	3	2024-11-07 12:50:13					
tucker_carlson	R	Negative (Pro-Trump/Republican)	Voting	CNN: Let’s see where Harris over performed Biden?…Literally NOT one county???	https://v.redd.it/77ay0mvriczd1	https://v.redd.it/77ay0mvriczd1	492	21	2024-11-06 16:04:00					
tucker_carlson	R	Negative (Pro-Trump/Republican)	Re-election campaign	Top Harris surrogate Josh Shapiro can't name a single policy difference between Kamala and Biden (because there are none)	https://v.redd.it/e90utbp46byd1	https://v.redd.it/e90utbp46byd1	238	10	2024-11-01 13:28:40					
tucker_carlson	R	Neutral	Post-Election	BREAKING: Biden and Trump meet in White House	https://youtu.be/QulZqTdl7sw	https://youtu.be/QulZqTdl7sw	72	10	2024-11-13 11:52:25					
tucker_carlson	R	Negative (Pro-Trump/Republican)	Biden-Harris Policies	This makes me furious with the gross negligence and deliberate chaos institutionalized by the Biden/Harris Regime.	https://v.redd.it/9oai2empywxd1	https://v.redd.it/9oai2empywxd1	66	2	2024-10-30 11:55:48					
tucker_carlson	R	Negative (Pro-Trump/Republican)	Biden-Harris Policies	Biden and Harris spent $6 Trillion of our tax dollars but where and on what? We the People deserve an itemized list of expenditures -NOW! Evidence of massive money-laundering has surfaced for the second time in 2024… Fiscal Fraud for sure.	https://citizensnewsbureau.wordpress.com/2024/10/23/biden-and-harris-spent-6-trillion-of-our-tax-payer-dollars-but-where-and-on-what-we-the-people-deserve-an-itemized-list-of-expenditures-now-evidence-of-massive-money-laundering-has-surfaced-for-th/	https://citizensnewsbureau.wordpress.com/2024/10/23/biden-and-harris-spent-6-trillion-of-our-tax-payer-dollars-but-where-and-on-what-we-the-people-deserve-an-itemized-list-of-expenditures-now-evidence-of-massive-money-laundering-has-surfaced-for-th/	169	10	2024-10-24 18:04:58					
conservatives	R	Negative (Pro-Trump/Republican)	Voting	Where did the millions of votes for Joe Biden go?	https://www.newsweek.com/joe-biden-millions-voters-kamala-harris-trump-election-1981954	https://www.newsweek.com/joe-biden-millions-voters-kamala-harris-trump-election-1981954	214	77	2024-11-08 20:05:13					
conservatives	R	Negative (Pro-Trump/Republican)	Voting	Kamala Failed To Out-Perform Biden In Every Single State — And Nearly Every County	https://www.dailywire.com/news/kamala-failed-to-out-perform-biden-in-every-single-state-and-nearly-every-county	https://www.dailywire.com/news/kamala-failed-to-out-perform-biden-in-every-single-state-and-nearly-every-county	244	13	2024-11-07 8:26:21					
conservatives	R	Negative (Pro-Trump/Republican)	Re-election campaign	Jake Tapper stunned as Kamala Harris fails to outperform Biden	https://nypost.com/2024/11/06/us-news/jake-tapper-stunned-as-harris-fails-to-outperform-biden/	https://nypost.com/2024/11/06/us-news/jake-tapper-stunned-as-harris-fails-to-outperform-biden/	187	29	2024-11-06 14:32:33					
conservatives	R	Negative (Pro-Trump/Republican)	Re-election campaign	‘First Hand Account’: Kamala Harris Says Joe Biden Remains ‘Capable’ of Being President	https://www.breitbart.com/politics/2024/10/22/first-hand-account-kamala-harris-says-joe-biden-remains-capable-of-being-president/	https://www.breitbart.com/politics/2024/10/22/first-hand-account-kamala-harris-says-joe-biden-remains-capable-of-being-president/	93	13	2024-10-23 12:07:48					
conservatives	R	Positive (Pro Biden/ Democrats))	Re-election campaign	Fetterman Slams Nancy Pelosi for ‘Blaming Biden’ over Kamala Harris Election Loss: ‘You Got What You Wanted’	https://www.breitbart.com/politics/2024/11/15/fetterman-slams-nancy-pelosi-for-blaming-biden-over-kamala-harris-election-loss-you-got-what-you-wanted/	https://www.breitbart.com/politics/2024/11/15/fetterman-slams-nancy-pelosi-for-blaming-biden-over-kamala-harris-election-loss-you-got-what-you-wanted/	177	12	2024-11-15 22:47:09					
conservatives	R	Neutral	Re-election campaign	President Biden Won’t Attend Kamala’s Election Night Watch Party	https://www.dailywire.com/news/president-biden-wont-attend-kamalas-election-night-watch-party	https://www.dailywire.com/news/president-biden-wont-attend-kamalas-election-night-watch-party	203	21	2024-11-05 18:52:29					
conservatives	R	Negative (Pro-Trump/Republican)	Re-election campaign	Biden, Who Insists He's Not Trying to Lock Trump Up, Says 'We Gotta Lock Him Up' (Updated)	https://redstate.com/rusty-weiss/2024/10/22/biden-who-insists-hes-not-trying-to-lock-trump-up-says-we-gotta-lock-trump-up-n2180931	https://redstate.com/rusty-weiss/2024/10/22/biden-who-insists-hes-not-trying-to-lock-trump-up-says-we-gotta-lock-trump-up-n2180931	272	25	2024-10-23 7:51:57					
conservatives	R	Positive (Pro Biden/ Democrats))	Re-election campaign	Fetterman: Those Who Forced Biden Out Are Responsible For Trump Win	https://www.dailywire.com/news/fetterman-those-who-forced-biden-out-are-responsible-for-trump-win	https://www.dailywire.com/news/fetterman-those-who-forced-biden-out-are-responsible-for-trump-win	124	29	2024-11-09 7:47:53					
conservatives	R	Neutral	Re-election campaign	Melania Trump declines to meet with Jill Biden at White House, citing Mar-a-Lago raid: source	https://nypost.com/2024/11/11/us-news/melania-trump-declines-to-meet-with-jill-biden-at-white-house-citing-mar-a-lago-raid-source/	https://nypost.com/2024/11/11/us-news/melania-trump-declines-to-meet-with-jill-biden-at-white-house-citing-mar-a-lago-raid-source/	458	55	2024-11-11 21:57:36					
conservatives	R	Positive (Pro Biden/ Democrats))	Re-election - "Garbage" Comment	Biden says 'only garbage I see floating' is Trump supporters	https://nypost.com/2024/10/29/us-news/biden-says-only-garbage-i-see-floating-is-trump-supporters/	https://nypost.com/2024/10/29/us-news/biden-says-only-garbage-i-see-floating-is-trump-supporters/	247	50	2024-10-29 21:36:12					
conservatives	R	Negative (Pro-Trump/Republican)	Re-election - "Garbage" Comment	Biden's 'garbage' comment due to 'missing apostrophe': White House	https://nypost.com/2024/10/30/us-news/bidens-garbage-comment-due-to-missing-apostrophe-white-house/	https://nypost.com/2024/10/30/us-news/bidens-garbage-comment-due-to-missing-apostrophe-white-house/	131	15	2024-10-30 10:40:08					
conservatives	R	Negative (Pro-Trump/Republican)	Re-election - "Garbage" Comment	‘I Don’t Accept Your Framing’: CNN Pundit Isn’t Buying Biden’s ‘Garbage’ Explanation	https://www.dailywire.com/news/i-dont-accept-your-framing-cnn-pundit-isnt-buying-bidens-garbage-explanation	https://www.dailywire.com/news/i-dont-accept-your-framing-cnn-pundit-isnt-buying-bidens-garbage-explanation	106	4	2024-10-30 18:22:31					
conservatives	R	Negative (Pro-Trump/Republican)	Re-election - "Garbage" Comment	Biden Lies To Explain Why He Called Trump Supporters ‘Garbage’	https://www.dailywire.com/news/biden-lies-to-explain-why-he-called-trump-supporters-garbage	https://www.dailywire.com/news/biden-lies-to-explain-why-he-called-trump-supporters-garbage	114	9	2024-10-30 20:23:01					
conservatives	R	Positive (Pro Biden/ Democrats))	Re-election - "Garbage" Comment	White House denies that Biden referred to Trump supporters as 'garbage'	https://www.foxnews.com/politics/white-house-denies-biden-referred-trump-supporters-garbage	https://www.foxnews.com/politics/white-house-denies-biden-referred-trump-supporters-garbage	203	45	2024-10-30 15:09:13					
conservatives	R	Negative (Pro-Trump/Republican)	Public Well-being	‘Family Ties’ Star Justine Bateman Says Trump Victory Removed ‘Suffocating Cloud’ on Free Speech: ‘We Went 1984 on Ourselves’ Under Biden	https://www.breitbart.com/entertainment/2024/11/17/family-ties-star-justine-bateman-says-trump-victory-removed-suffocating-cloud-on-free-speech-we-went-1984-on-ourselves-under-biden/	https://www.breitbart.com/entertainment/2024/11/17/family-ties-star-justine-bateman-says-trump-victory-removed-suffocating-cloud-on-free-speech-we-went-1984-on-ourselves-under-biden/	391	9	2024-11-17 12:59:01					
conservatives	R	Negative (Pro-Trump/Republican)	Post-Election	Sorry, Kamala: You and Biden failed to unite us	https://nypost.com/2024/11/01/opinion/sorry-kamala-you-and-joebiden-failed-to-unite-us-and-youre-bound-to-fail-again/	https://nypost.com/2024/11/01/opinion/sorry-kamala-you-and-joebiden-failed-to-unite-us-and-youre-bound-to-fail-again/	297	25	2024-11-02 19:28:09					
conservatives	R	Positive (Pro Biden/ Democrats))	Post-Election	It's Happening: The Press Start Wondering If Joe Biden Was Actually the Better Candidate	https://redstate.com/bonchie/2024/10/22/here-we-go-the-press-start-pondering-if-joe-biden-was-actually-the-better-candidate-n2180898	https://redstate.com/bonchie/2024/10/22/here-we-go-the-press-start-pondering-if-joe-biden-was-actually-the-better-candidate-n2180898	107	6	2024-10-22 14:29:40					
conservatives	R	Negative (Pro-Trump/Republican)	Post-Election	Charlamagne tha God Baffled by Biden Welcoming Trump to White House: ‘What Happened to the Fascist Talk?’	https://www.breitbart.com/entertainment/2024/11/16/charlamagne-tha-god-baffled-by-biden-welcoming-trump-to-white-house-what-happened-to-the-fascist-talk/	https://www.breitbart.com/entertainment/2024/11/16/charlamagne-tha-god-baffled-by-biden-welcoming-trump-to-white-house-what-happened-to-the-fascist-talk/	157	24	2024-11-16 20:18:05					
conservatives	R	Negative (Pro-Trump/Republican)	Foreign Conflict 	Biden On Vacation, Kamala With Beyoncé Despite Israel’s Advance Notice Of Iran Strikes	https://www.dailywire.com/news/biden-on-vacation-kamala-with-beyonce-despite-israels-advance-notice-of-iran-strikes	https://www.dailywire.com/news/biden-on-vacation-kamala-with-beyonce-despite-israels-advance-notice-of-iran-strikes	93	2	2024-10-26 8:37:38					
conservatives	R	Negative (Pro-Trump/Republican)	Biden-Harris Policies	@elonmusk - Joe Rogan gets Fetterman to admit this - the so-called “Secure the Border Bill” would have converted illegals to legal immigrants, legalized the illegal actions of the Biden administration and done nothing to reduce illegal immigration.     It was a wolf in sheep’s clothing.	https://x.com/elonmusk/status/1852810094674940028	https://x.com/elonmusk/status/1852810094674940028	226	7	2024-11-03 0:02:42					
conservatives	R	Negative (Pro-Trump/Republican)	Biden-Harris Policies	Pelosi: ‘Fewer’ Illegal Aliens Came In Under Biden Than Trump	https://www.dailywire.com/news/pelosi-fewer-illegal-aliens-came-in-under-biden-than-trump	https://www.dailywire.com/news/pelosi-fewer-illegal-aliens-came-in-under-biden-than-trump	156	78	2024-11-10 23:35:22					
conservatives	R	Negative (Pro-Trump/Republican)	Biden-Harris Policies	Federal Judge Slaps Down Biden Administration Over Illegal, Last Minute Amnesty Program	https://redstate.com/streiff/2024/11/07/federal-judge-slaps-down-biden-administration-over-illegal-last-minute-amnesty-program-n2181709	https://redstate.com/streiff/2024/11/07/federal-judge-slaps-down-biden-administration-over-illegal-last-minute-amnesty-program-n2181709	97	1	2024-11-08 7:55:24					
conservatives	R	Negative (Pro-Trump/Republican)	Biden-Harris Policies	JPMorgan's Dimon slams Biden-Harris admin: "I've had it with this s---!"	https://nypost.com/2024/10/28/business/jpmorgans-dimon-slams-biden-harris-admin-ive-had-it-with-this-s/	https://nypost.com/2024/10/28/business/jpmorgans-dimon-slams-biden-harris-admin-ive-had-it-with-this-s/	166	13	2024-10-28 19:28:15					
conservatives	R	Negative (Pro-Trump/Republican)	Biden-Harris Policies	Federal Judge Slaps Down Biden Administration Over Illegal, Last Minute Amnesty Program – RedState	https://redstate.com/streiff/2024/11/07/federal-judge-slaps-down-biden-administration-over-illegal-last-minute-amnesty-program-n2181709	https://redstate.com/streiff/2024/11/07/federal-judge-slaps-down-biden-administration-over-illegal-last-minute-amnesty-program-n2181709	116	5	2024-11-07 20:06:51					
conservatives	R		Trump Policies	Former Biden WH Aide Issues Dire Warning to Democrats, Media Over New Slurs Aimed at Pete Hegseth	https://redstate.com/beccalower/2024/11/15/former-biden-wh-aide-issues-dire-warning-over-democrats-media-continuing-to-throw-extremist-slurs-n2182060	https://redstate.com/beccalower/2024/11/15/former-biden-wh-aide-issues-dire-warning-over-democrats-media-continuing-to-throw-extremist-slurs-n2182060	105	19	2024-11-16 8:27:37					
conservativesonly	R	Negative (Pro-Trump/Republican)	Voting	The Biden-Harris DOJ is sending out their own poll watchers to guard against "threats and intimidation" | It's true the foxs will be guarding the hen houses 😁	https://notthebee.com/article/the-biden-harris-doj-is-sending-out-their-own-poll-watchers-to-guard-against-threats-and-intimidation	https://notthebee.com/article/the-biden-harris-doj-is-sending-out-their-own-poll-watchers-to-guard-against-threats-and-intimidation	39	1	2024-10-21 12:45:22					
conservativesonly	R	Negative (Pro-Trump/Republican)	Trump Policies	How Elon Musk’s Government Efficacy Will Drive Out the Biden-Harris Admin’s Woke Agenda	https://townhall.com/tipsheet/saraharnold/2024/11/16/how-elon-musks-government-efficacy-will-drive-out-the-biden-harris-admins-woke-agenda-n2647883	https://townhall.com/tipsheet/saraharnold/2024/11/16/how-elon-musks-government-efficacy-will-drive-out-the-biden-harris-admins-woke-agenda-n2647883	164	0	2024-11-17 9:49:23					
conservativesonly	R	Negative (Pro-Trump/Republican)	Re-election campaign	Horrible Harris Asks Biden To Stop Doing Trump Dance In Cabinet Meetings	https://babylonbee.com/news/kamala-asks-biden-to-stop-doing-trump-dance-in-cabinet-meetings	https://babylonbee.com/news/kamala-asks-biden-to-stop-doing-trump-dance-in-cabinet-meetings	103	0	2024-11-19 16:44:21					
conservativesonly	R	Negative (Pro-Trump/Republican)	Re-election campaign	Update on the White House's North Korea Style Transcript Edit | AKA, Caught Editing Biden's Malarkey	https://townhall.com/tipsheet/katiepavlich/2024/11/01/theres-an-update-on-the-white-houses-north-korea-style-transcript-edit-n2647117	https://townhall.com/tipsheet/katiepavlich/2024/11/01/theres-an-update-on-the-white-houses-north-korea-style-transcript-edit-n2647117	68	1	2024-11-01 13:33:30					
conservativesonly	R	Negative (Pro-Trump/Republican)	Re-election campaign	New ad to run during ABC World News Tonight honors pro-lifers imprisoned by Biden-Harris admin	https://www.lifesitenews.com/news/new-ad-to-run-during-abc-world-news-tonight-honors-pro-lifers-imprisoned-by-biden-harris-admin/	https://www.lifesitenews.com/news/new-ad-to-run-during-abc-world-news-tonight-honors-pro-lifers-imprisoned-by-biden-harris-admin/	88	0	2024-10-24 11:53:33					
conservativesonly	R	Negative (Pro-Trump/Republican)	Re-election campaign	Victor Davis Hanson: Harris Was Always Doomed -- Harris’s campaign was crippled by her ties to unpopular policies, Biden administration failures, authenticity issues, and a contentious nomination process.	https://amgreatness.com/2024/11/07/harris-was-always-doomed/	https://amgreatness.com/2024/11/07/harris-was-always-doomed/	15	0	2024-11-07 11:32:45					
conservativesonly	R	Positive (Pro Biden/ Democrats))	Re-election campaign	America’s Adversaries are Rooting for Kamala Harris -- In Kamala Harris, America’s adversaries see a president who would be substantially weaker than Joe Biden, whom they could easily manipulate and defy to destroy the U.S.-led global order.	https://amgreatness.com/2024/11/01/americas-adversaries-are-rooting-for-kamala-harris/	https://amgreatness.com/2024/11/01/americas-adversaries-are-rooting-for-kamala-harris/	74	0	2024-11-01 8:11:53					
conservativesonly	R	Negative (Pro-Trump/Republican)	Re-election - "Garbage" Comment	Democrats Admit Biden’s ‘Garbage’ Smear Smothered Harris’s Closing Pivot	https://www.breitbart.com/2024-election/2024/10/31/democrats-admit-bidens-garbage-smear-smothered-harriss-closing-pivot/	https://www.breitbart.com/2024-election/2024/10/31/democrats-admit-bidens-garbage-smear-smothered-harriss-closing-pivot/	105	1	2024-10-31 16:33:43					
conservativesonly	R	Negative (Pro-Trump/Republican)	Re-election - "Garbage" Comment	Trump just rolled up in a Wisconsin garbage truck "in honor of Kamala and Joe Biden" 🤣	https://notthebee.com/article/donald-trump-just-took-a-spin-in-a-wisconsin-garbage-truck-in-honor-of-kamala-and-joe-biden-	https://notthebee.com/article/donald-trump-just-took-a-spin-in-a-wisconsin-garbage-truck-in-honor-of-kamala-and-joe-biden-	163	2	2024-10-30 20:00:29					
conservativesonly	R	Negative (Pro-Trump/Republican)	Re-election - "Garbage" Comment	NYC voter bags perfect response to Biden trashing MAGA backers: 'People were cheering' -- A Brit who says she became a US citizen to vote for Donald Trump was cheered when she wore a trash bag to the polls last week to protest President Biden calling MAGA supporters “garbage.’’	https://nypost.com/2024/11/03/us-news/nyc-voter-bags-perfect-response-to-biden-trashing-maga-backers-people-were-cheering/	https://nypost.com/2024/11/03/us-news/nyc-voter-bags-perfect-response-to-biden-trashing-maga-backers-people-were-cheering/	154	1	2024-11-03 19:33:52					
conservativesonly	R	Negative (Pro-Trump/Republican)	Re-election - "Garbage" Comment	Biden really does think Trump voters are ‘garbage’ -- The president’s latest gaffe has exposed the Democrats’ contempt for working-class Americans.	https://www.spiked-online.com/2024/10/30/biden-really-does-think-trump-voters-are-garbage/	https://www.spiked-online.com/2024/10/30/biden-really-does-think-trump-voters-are-garbage/	62	1	2024-10-30 15:47:08					
conservativesonly	R	Neutral	Post-Election	Hilarity following the Trump-Biden meeting -- The exchange produced some comedic gold.	https://www.americanthinker.com/blog/2024/11/hilarity_following_the_trump_biden_meeting.html	https://www.americanthinker.com/blog/2024/11/hilarity_following_the_trump_biden_meeting.html	27	0	2024-11-14 10:28:52					
conservativesonly	R	Negative (Pro-Trump/Republican)	Post-Election	Melania Declines White House Meeting with Jill Biden for a Startling Reason – Booyah !!!	https://pjmedia.com/robert-spencer/2024/11/12/she-aint-going-melania-declines-white-house-meeting-with-jill-biden-for-a-startling-reason-n4934197	https://pjmedia.com/robert-spencer/2024/11/12/she-aint-going-melania-declines-white-house-meeting-with-jill-biden-for-a-startling-reason-n4934197	98	2	2024-11-12 10:21:07					
conservativesonly	R	Negative (Pro-Trump/Republican)	Foreign Conflict 	Biden's authorizing Ukraine to fire long-range missiles smells like a preemptive military coup -- Is an intelligence community-military-industrial complex coup d’état responsible for Biden's decision to authorize Ukraine to attack Russia with ATACMS missiles?	https://www.americanthinker.com/blog/2024/11/biden_s_authorizing_ukraine_to_fire_long_range_missiles_smells_like_a_preemptive_military_coup.html	https://www.americanthinker.com/blog/2024/11/biden_s_authorizing_ukraine_to_fire_long_range_missiles_smells_like_a_preemptive_military_coup.html	39	3	2024-11-19 9:54:34					
conservativesonly	R	Negative (Pro-Trump/Republican)	Foreign Conflict 	Missiles just struck deep inside Russia. The Kremlin's response was to authorize the use of nukes. | Our Greatest Threat Appears To Be Biden 🤔	https://notthebee.com/article/american-missiles-just-struck-inside-russia-which-is-now-threatening-nuclear-war	https://notthebee.com/article/american-missiles-just-struck-inside-russia-which-is-now-threatening-nuclear-war	192	22	2024-11-19 11:09:09					
conservativesonly	R	Negative (Pro-Trump/Republican)	Economic Impact	The real Biden-Harris record…	https://i.redd.it/rja7ag4ksdyd1.jpeg	https://i.redd.it/rja7ag4ksdyd1.jpeg	68	2	2024-11-01 20:16:29					
conservativesonly	R	Negative (Pro-Trump/Republican)	Economic Impact	Stores Closing as Consumers Pull Back on Spending | Thanks to Biden-Harris Economy	https://www.breitbart.com/economy/2024/10/26/many-u-s-stores-closing-consumers-pull-back-spending-biden-harris-economy/	https://www.breitbart.com/economy/2024/10/26/many-u-s-stores-closing-consumers-pull-back-spending-biden-harris-economy/	66	0	2024-10-26 22:13:22					
conservativesonly	R	Negative (Pro-Trump/Republican)	Biden-Harris Policies	WoPo Gives Nancy Pelosi ‘Four Pinocchios' for Saying Biden Was Better than Trump on Border	https://www.breitbart.com/2024-election/2024/11/13/wopo-gives-nancy-pelosi-four-pinocchios-for-saying-biden-was-better-than-trump-on-border/	https://www.breitbart.com/2024-election/2024/11/13/wopo-gives-nancy-pelosi-four-pinocchios-for-saying-biden-was-better-than-trump-on-border/	210	6	2024-11-13 13:32:06					
conservativesonly	R	Negative (Pro-Trump/Republican)	Biden-Harris Policies	Fact Check: Horrible Harris Falsely Claims She and Biden 'Cut the Flow of Fentanyl by Half'	https://www.breitbart.com/2024-election/2024/10/22/fact-check-kamala-harris-claims-she-and-joe-biden-cut-the-flow-fentanyl-half/	https://www.breitbart.com/2024-election/2024/10/22/fact-check-kamala-harris-claims-she-and-joe-biden-cut-the-flow-fentanyl-half/	86	5	2024-10-22 16:42:39					
all	N	Neutral	Voting	President Biden standing in line to vote	https://i.redd.it/1xg3e66mmjxd1.jpeg	https://i.redd.it/1xg3e66mmjxd1.jpeg	95283	3009	2024-10-28 14:49:43					
all	N	Neutral	Voting	Did Joe Biden Drop Out' Google Searches Spike on Election Night, Suggesting Many Americans Had No Idea He Wasn't Running	https://www.latintimes.com/did-joe-biden-drop-out-google-trends-presidential-election-trump-harris-564875	https://www.latintimes.com/did-joe-biden-drop-out-google-trends-presidential-election-trump-harris-564875	79566	5080	2024-11-06 12:50:36					
all	N	Neutral	Post-Election	President-Elect Trump, President Biden, and Dr. Jill Biden posing outside of the White House.	https://i.redd.it/3fus1npbkq0e1.jpeg	https://i.redd.it/3fus1npbkq0e1.jpeg	48382	8970	2024-11-13 16:21:45					
all	N	Negative (Pro-Trump/Republican)	Foreign Conflict 	Biden Allows Ukraine to Strike Russia With Long-Range U.S. Missiles	https://www.nytimes.com/2024/11/17/us/politics/biden-ukraine-russia-atacms-missiles.html?smid=nytcore-ios-share&referringSource=articleShare	https://www.nytimes.com/2024/11/17/us/politics/biden-ukraine-russia-atacms-missiles.html?smid=nytcore-ios-share&referringSource=articleShare	67826	5085	2024-11-17 13:06:21					
all	N	Positive (Pro Biden/ Democrats))	Biden-Harris Policies	President Biden makes history, first US president visiting Amazon rainforest announcing new CC deals	https://i.redd.it/qubfwknxgj1e1.jpeg	https://i.redd.it/qubfwknxgj1e1.jpeg	59367	1754	2024-11-17 17:34:25					
autonewspaper	N	Negative (Pro-Trump/Republican)	Foreign Conflict 	[US] - Is there any red line that Israel will be held to? Biden has just confirmed the answer is no | Owen Jones | Guardian	https://www.theguardian.com/commentisfree/2024/nov/13/israel-joe-biden-aid-gaza	https://www.theguardian.com/commentisfree/2024/nov/13/israel-joe-biden-aid-gaza	2	0	2024-11-13 12:24:23					
autonewspaper	N	Negative (Pro-Trump/Republican)	Foreign Conflict 	[Opinion] - Biden now has his best opening to end Israel’s war on Gaza – and won’t use it | Mohamad Bazzi | Guardian	https://www.theguardian.com/commentisfree/2024/nov/15/biden-israel-gaza-palestine	https://www.theguardian.com/commentisfree/2024/nov/15/biden-israel-gaza-palestine	2	0	2024-11-15 13:43:55					
autonewspaper	N	Negative (Pro-Trump/Republican)	Foreign Conflict 	[Opinion] - Is there any red line that Israel will be held to? Biden has just confirmed the answer is no | Owen Jones | Guardian	https://www.theguardian.com/commentisfree/2024/nov/13/israel-joe-biden-aid-gaza	https://www.theguardian.com/commentisfree/2024/nov/13/israel-joe-biden-aid-gaza	2	0	2024-11-13 12:24:22					
autonewspaper	N	Negative (Pro-Trump/Republican)	Foreign Conflict 	[World] - Biden-Harris admin treatment of Ukraine, Israel wars 'differs substantially,' experts say | FOX	https://www.foxnews.com/world/biden-harris-admin-treatment-ukraine-israel-wars-differs-substantially-experts-say	https://www.foxnews.com/world/biden-harris-admin-treatment-ukraine-israel-wars-differs-substantially-experts-say	2	0	2024-11-04 7:10:39					
autonewspaper	N	Negative (Pro-Trump/Republican)	Biden-Harris Policies	[Business] - Judge blocks Biden administration's rule to expand overtime pay for millions | ABC	https://abcnews.go.com/Business/wireStory/judge-blocks-biden-administrations-rule-expand-overtime-pay-115917133	https://abcnews.go.com/Business/wireStory/judge-blocks-biden-administrations-rule-expand-overtime-pay-115917133	2	0	2024-11-15 18:34:38					
autonewspaper	N	Positive (Pro Biden/ Democrats))	Biden-Harris Policies	[NA] - Biden becomes first US president to visit Amazon as Trump signals climate policy shift | France24	https://www.france24.com/en/americas/20241118-biden-president-amazon-trump-climate	https://www.france24.com/en/americas/20241118-biden-president-amazon-trump-climate	3	0	2024-11-17 19:39:25					
news	N	Positive (Pro Biden/ Democrats))	Public Well-being	Biden delivers "long overdue" apology in Arizona for Indian boarding school atrocities	https://www.cbsnews.com/news/indian-boarding-schools-biden-apology-arizona/	https://www.cbsnews.com/news/indian-boarding-schools-biden-apology-arizona/	8716	194	2024-10-25 16:25:42					
news	N	Neutral	Foreign Conflict 	In a first, Biden allows Ukraine to strike Russia with U.S. long-range weapons	https://www.npr.org/2024/11/17/nx-s1-5194432/biden-long-range-missiles-russia-ukraine-war	https://www.npr.org/2024/11/17/nx-s1-5194432/biden-long-range-missiles-russia-ukraine-war	9958	771	2024-11-17 17:40:50					
news	N	Negative (Pro-Trump/Republican)	Biden-Harris Policies	Biden program for undocumented spouses struck down in federal court	https://www.axios.com/2024/11/07/biden-immigration-citizenship-marriage-texas-ruling	https://www.axios.com/2024/11/07/biden-immigration-citizenship-marriage-texas-ruling	4196	292	2024-11-08 10:11:17					
pics	N	Positive (Pro Biden/ Democrats))	Voting	President Biden standing in line to vote	https://i.redd.it/1xg3e66mmjxd1.jpeg	https://i.redd.it/1xg3e66mmjxd1.jpeg	95291	3009	2024-10-28 14:49:43					
pics	N	Neutral	Voting	President Joe Biden waits in line with voters outside a polling station in New Castle, Delaware.	https://i.redd.it/xtqs9nhyxixd1.jpeg	https://i.redd.it/xtqs9nhyxixd1.jpeg	29719	727	2024-10-28 12:31:37					
pics	N	Neutral	Voting	President Joe Biden waits in line with voters outside a polling station in New Castle, Delaware.	https://i.redd.it/xtqs9nhyxixd1.jpeg	https://i.redd.it/xtqs9nhyxixd1.jpeg	29712	727	2024-10-28 12:31:37					
pics	N	Positive (Pro Biden/ Democrats))	Voting	President Biden standing in line to vote	https://i.redd.it/1xg3e66mmjxd1.jpeg	https://i.redd.it/1xg3e66mmjxd1.jpeg	95292	3009	2024-10-28 14:49:43					
pics	N	Positive (Pro Biden/ Democrats))	Re-election campaign	President Biden and Senator Sanders in New Hampshire.	https://i.redd.it/mozznec21kwd1.jpeg	https://i.redd.it/mozznec21kwd1.jpeg	738	10	2024-10-23 15:06:47					
pics	N	Positive (Pro Biden/ Democrats))	Re-election campaign	President Biden meeting with Vets	https://i.redd.it/6499espsv31e1.jpeg	https://i.redd.it/6499espsv31e1.jpeg	18228	890	2024-11-15 13:09:15					
pics	N	Negative (Pro-Trump/Republican)	Re-election campaign	I’ve never seen a Biden or Harris car that looks like this…	https://i.redd.it/lfz2237vrjyd1.jpeg	https://i.redd.it/lfz2237vrjyd1.jpeg	585	335	2024-11-02 16:23:18					
pics	N	Neutral	Re-election campaign	I’ve never seen a Biden or Harris car that looks like this…	https://i.redd.it/lfz2237vrjyd1.jpeg	https://i.redd.it/lfz2237vrjyd1.jpeg	584	335	2024-11-02 16:23:18					
pics	N	Neutral	Public Well-being	Members of the Biden-Harris Administration Observe Veterans Day	https://www.reddit.com/gallery/1gpb9h8	https://www.reddit.com/gallery/1gpb9h8	6391	162	2024-11-11 22:15:06					
pics	N	Positive (Pro Biden/ Democrats))	Public Well-being	Biden and First Lady (yes the panda) host a trick-or-treaters celebration at the White House	https://i.redd.it/qudjnil0k5yd1.jpeg	https://i.redd.it/qudjnil0k5yd1.jpeg	11097	238	2024-10-31 16:34:21					
pics	N	Neutral	Public Well-being	Joe Biden’s message to newly naturalised Americans	https://i.redd.it/o88k1fux3mzd1.jpeg	https://i.redd.it/o88k1fux3mzd1.jpeg	2561	298	2024-11-08 0:18:41					
pics	N	Positive (Pro Biden/ Democrats))	Public Well-being	Joe Biden Mural by graffiti artist Aéro in Ireland	https://i.redd.it/7c00d9u2f70e1.jpeg	https://i.redd.it/7c00d9u2f70e1.jpeg	5438	81	2024-11-10 23:58:30					
pics	N	Neutral	Public Well-being	President Biden and Senator Sanders in New Hampshire.	https://i.redd.it/mozznec21kwd1.jpeg	https://i.redd.it/mozznec21kwd1.jpeg	735	10	2024-10-23 15:06:47					
pics	N	Positive (Pro Biden/ Democrats))	Public Well-being	President Biden Celebrates Diwali At White House Reception	https://i.redd.it/6nfsmy8axnxd1.jpeg	https://i.redd.it/6nfsmy8axnxd1.jpeg	928	53	2024-10-29 5:16:50					
pics	N	Positive (Pro Biden/ Democrats))	Public Well-being	President Joe Biden with first lady Jill Biden in a panda costume at a Halloween event	https://i.redd.it/5rg42e8rn2yd1.jpeg	https://i.redd.it/5rg42e8rn2yd1.jpeg	1725	78	2024-10-31 6:49:58					
pics	N	Positive (Pro Biden/ Democrats))	Public Well-being	Biden and First Lady (yes the panda) host a trick-or-treaters celebration at the White House	https://i.redd.it/qudjnil0k5yd1.jpeg	https://i.redd.it/qudjnil0k5yd1.jpeg	11099	238	2024-10-31 16:34:21					
pics	N	Positive (Pro Biden/ Democrats))	Public Well-being	President Joe Biden with first lady Jill Biden in a panda costume at a Halloween event	https://i.redd.it/5rg42e8rn2yd1.jpeg	https://i.redd.it/5rg42e8rn2yd1.jpeg	1726	78	2024-10-31 6:49:58					
pics	N	Positive (Pro Biden/ Democrats))	Public Well-being	President Biden Celebrates Diwali At White House Reception	https://i.redd.it/6nfsmy8axnxd1.jpeg	https://i.redd.it/6nfsmy8axnxd1.jpeg	925	53	2024-10-29 5:16:50					
pics	N	Positive (Pro Biden/ Democrats))	Public Well-being	Members of the Biden-Harris Administration Observe Veterans Day	https://www.reddit.com/gallery/1gpb9h8	https://www.reddit.com/gallery/1gpb9h8	6389	162	2024-11-11 22:15:06					
pics	N	Positive (Pro Biden/ Democrats))	Public Well-being	Joe Biden Mural by graffiti artist Aéro in Ireland	https://i.redd.it/7c00d9u2f70e1.jpeg	https://i.redd.it/7c00d9u2f70e1.jpeg	5434	81	2024-11-10 23:58:30					
pics	N	Positive (Pro Biden/ Democrats))	Public Well-being	President Biden meeting with Vets	https://i.redd.it/6499espsv31e1.jpeg	https://i.redd.it/6499espsv31e1.jpeg	18229	890	2024-11-15 13:09:15					
pics	N	Neutral	Post-Election	President Biden meets with President-elect Trump in the Oval Office on November 13	https://i.redd.it/ysiceegt2p0e1.jpeg	https://i.redd.it/ysiceegt2p0e1.jpeg	48075	7027	2024-11-13 11:21:54					
pics	N	Neutral	Post-Election	President Biden meets with President-elect Trump in the Oval Office on November 13	https://i.redd.it/ysiceegt2p0e1.jpeg	https://i.redd.it/ysiceegt2p0e1.jpeg	48066	7027	2024-11-13 11:21:54					
pics	N	Neutral	Post-Election	President-Elect Trump, President Biden, and Dr. Jill Biden posing outside of the White House.	https://i.redd.it/3fus1npbkq0e1.jpeg	https://i.redd.it/3fus1npbkq0e1.jpeg	48376	8970	2024-11-13 16:21:45					
pics	N	Neutral	Post-Election	President-Elect Trump, President Biden, and Dr. Jill Biden posing outside of the White House.	https://i.redd.it/3fus1npbkq0e1.jpeg	https://i.redd.it/3fus1npbkq0e1.jpeg	48384	8970	2024-11-13 16:21:45					
pics	N	Positive (Pro Biden/ Democrats))	Economic Impact	President Biden makes history, first US president visiting Amazon rainforest announcing new CC deals	https://i.redd.it/qubfwknxgj1e1.jpeg	https://i.redd.it/qubfwknxgj1e1.jpeg	59373	1754	2024-11-17 17:34:25					
pics	N	Positive (Pro Biden/ Democrats))	Biden-Harris Policies	Joe Biden’s message to newly naturalised Americans	https://i.redd.it/o88k1fux3mzd1.jpeg	https://i.redd.it/o88k1fux3mzd1.jpeg	2559	298	2024-11-08 0:18:41					
pics	N	Positive (Pro Biden/ Democrats))	Biden-Harris Policies	President Biden makes history, first US president visiting Amazon rainforest announcing new CC deals	https://i.redd.it/qubfwknxgj1e1.jpeg	https://i.redd.it/qubfwknxgj1e1.jpeg	59369	1754	2024-11-17 17:34:25					
politics	N	Positive (Pro Biden/ Democrats))	Voting	Biden votes early, calls Trump's NYC rally 'simply embarrassing'	https://www.usatoday.com/story/news/politics/elections/2024/10/28/biden-votes-blasts-trump-msg/75896549007/	https://www.usatoday.com/story/news/politics/elections/2024/10/28/biden-votes-blasts-trump-msg/75896549007/	3591	94	2024-10-29 8:14:12					
politics	N		Voting	Biden wants Americans to "bring down the temperature" — but MAGA will not let that happen: In conversations with Republican voters, we learned why they shun “unity”	https://www.salon.com/2024/11/12/biden-wants-americans-to-bring-down-the-temperature--but-maga-will-not-let-that-happen/	https://www.salon.com/2024/11/12/biden-wants-americans-to-bring-down-the-temperature--but-maga-will-not-let-that-happen/	7057	1475	2024-11-12 6:44:03					
politics	N	Negative (Pro-Trump/Republican)	Voting	Where Did the Millions of Joe Biden Votes Go?	https://www.newsweek.com/joe-biden-millions-voters-kamala-harris-trump-election-1981954	https://www.newsweek.com/joe-biden-millions-voters-kamala-harris-trump-election-1981954	7287	3243	2024-11-07 11:29:09					
politics	N	Positive (Pro Biden/ Democrats))	Voting	Biden votes early, calls Trump's NYC rally 'simply embarrassing'	https://www.usatoday.com/story/news/politics/elections/2024/10/28/biden-votes-blasts-trump-msg/75896549007/	https://www.usatoday.com/story/news/politics/elections/2024/10/28/biden-votes-blasts-trump-msg/75896549007/	3585	94	2024-10-29 8:14:12					
politics	N	Positive (Pro Biden/ Democrats))	Voting	Biden says men voting for Trump making ‘mistake’	https://thehill.com/homenews/campaign/4955607-biden-men-voting-trump-making-mistake/	https://thehill.com/homenews/campaign/4955607-biden-men-voting-trump-making-mistake/	4996	361	2024-10-26 22:48:58					
politics	N	Negative (Pro-Trump/Republican)	Voting	Where Did the Millions of Joe Biden Votes Go?	https://www.newsweek.com/joe-biden-millions-voters-kamala-harris-trump-election-1981954	https://www.newsweek.com/joe-biden-millions-voters-kamala-harris-trump-election-1981954	7276	3243	2024-11-07 11:29:09					
politics	N	Positive (Pro Biden/ Democrats))	Trump Policies	Biden to push through anti-Trump plans as he vows to make last days in office count	https://www.telegraph.co.uk/us/politics/2024/11/07/biden-anti-trump-plans-last-days-white-house/	https://www.telegraph.co.uk/us/politics/2024/11/07/biden-anti-trump-plans-last-days-white-house/	22137	2559	2024-11-07 15:50:34					
politics	N	Negative (Pro-Trump/Republican)	Trump Policies	Trump Tells GOP to Bypass Senate Confirmation Process, Block Biden Judicial Appointments	https://www.rollingstone.com/politics/politics-news/trump-gop-bypass-senate-confirmation-process-1235161167/	https://www.rollingstone.com/politics/politics-news/trump-gop-bypass-senate-confirmation-process-1235161167/	8980	790	2024-11-10 15:39:04					
politics	N	Positive (Pro Biden/ Democrats))	Trump Policies	Biden to push through anti-Trump plans as he vows to make last days in office count	https://www.telegraph.co.uk/us/politics/2024/11/07/biden-anti-trump-plans-last-days-white-house/	https://www.telegraph.co.uk/us/politics/2024/11/07/biden-anti-trump-plans-last-days-white-house/	22131	2559	2024-11-07 15:50:34					
politics	N	Positive (Pro Biden/ Democrats))	Trump Policies	Biden should order background checks of Trump’s Cabinet picks	https://www.msnbc.com/opinion/msnbc-opinion/biden-trump-cabinet-picks-fbi-background-checks-rcna180698	https://www.msnbc.com/opinion/msnbc-opinion/biden-trump-cabinet-picks-fbi-background-checks-rcna180698	8017	394	2024-11-18 22:05:56					
politics	N	Positive (Pro Biden/ Democrats))	Trump Policies	Get Ready for Trump-flation: Trump won the election in part because of a backlash against consumer price inflation on Biden’s watch. Several Trump policies will make inflation much worse.	https://prospect.org/economy/2024-11-07-get-ready-for-trump-flation/	https://prospect.org/economy/2024-11-07-get-ready-for-trump-flation/	3671	577	2024-11-08 12:35:18					
politics	N	Positive (Pro Biden/ Democrats))	Re-election campaign	Biden wants Americans to "bring down the temperature" — but MAGA will not let that happen: In conversations with Republican voters, we learned why they shun “unity”	https://www.salon.com/2024/11/12/biden-wants-americans-to-bring-down-the-temperature--but-maga-will-not-let-that-happen/	https://www.salon.com/2024/11/12/biden-wants-americans-to-bring-down-the-temperature--but-maga-will-not-let-that-happen/	7065	1475	2024-11-12 6:44:03					
politics	N	Positive (Pro Biden/ Democrats))	Re-election campaign	Biden says men voting for Trump making ‘mistake’	https://thehill.com/homenews/campaign/4955607-biden-men-voting-trump-making-mistake/	https://thehill.com/homenews/campaign/4955607-biden-men-voting-trump-making-mistake/	4997	361	2024-10-26 22:48:58					
politics	N	Positive (Pro Biden/ Democrats))	Re-election campaign	Biden says Elon Musk was an ‘illegal worker' when he began U.S. career	https://www.nbcnewyork.com/news/business/money-report/biden-says-elon-musk-was-an-illegal-worker-when-he-began-u-s-career/5926182/	https://www.nbcnewyork.com/news/business/money-report/biden-says-elon-musk-was-an-illegal-worker-when-he-began-u-s-career/5926182/	35893	1001	2024-10-27 13:52:16					
politics	N	Positive (Pro Biden/ Democrats))	Re-election campaign	Biden calls Trump ‘loser,’ says election is about ‘decency versus lack of decency’	https://thehill.com/homenews/campaign/4955510-biden-calls-trump-loser-says-election-is-about-decency-versus-lack-of-decency/	https://thehill.com/homenews/campaign/4955510-biden-calls-trump-loser-says-election-is-about-decency-versus-lack-of-decency/	2691	84	2024-10-26 21:18:51					
politics	N	Positive (Pro Biden/ Democrats))	Re-election campaign	Biden says Elon Musk was an ‘illegal worker' when he began U.S. career	https://www.nbcnewyork.com/news/business/money-report/biden-says-elon-musk-was-an-illegal-worker-when-he-began-u-s-career/5926182/	https://www.nbcnewyork.com/news/business/money-report/biden-says-elon-musk-was-an-illegal-worker-when-he-began-u-s-career/5926182/	35885	1001	2024-10-27 13:52:16					
politics	N	Positive (Pro Biden/ Democrats))	Re-election campaign	JD Vance Offended by Biden a Day After Complaining About Americans Getting Offended	https://www.thedailybeast.com/jd-vance-offended-by-joe-biden-a-day-after-complaining-about-americans-getting-offended/	https://www.thedailybeast.com/jd-vance-offended-by-joe-biden-a-day-after-complaining-about-americans-getting-offended/	17555	636	2024-10-30 12:13:04					
politics	N	Negative (Pro-Trump/Republican)	Re-election campaign	Pete Hegseth Was Removed from Biden's Inauguration, Labeled 'Extremist'	https://www.newsweek.com/pete-hegseth-was-removed-bidens-inauguration-labelled-extremist-1984882	https://www.newsweek.com/pete-hegseth-was-removed-bidens-inauguration-labelled-extremist-1984882	6232	469	2024-11-13 7:01:29					
politics	N	Positive (Pro Biden/ Democrats))	Re-election campaign	Biden calls Trump ‘loser,’ says election is about ‘decency versus lack of decency’	https://thehill.com/homenews/campaign/4955510-biden-calls-trump-loser-says-election-is-about-decency-versus-lack-of-decency/	https://thehill.com/homenews/campaign/4955510-biden-calls-trump-loser-says-election-is-about-decency-versus-lack-of-decency/	2685	84	2024-10-26 21:18:51					
politics	N	Positive (Pro Biden/ Democrats))	Re-election campaign	JD Vance Offended by Biden a Day After Complaining About Americans Getting Offended	https://www.thedailybeast.com/jd-vance-offended-by-joe-biden-a-day-after-complaining-about-americans-getting-offended/	https://www.thedailybeast.com/jd-vance-offended-by-joe-biden-a-day-after-complaining-about-americans-getting-offended/	17557	636	2024-10-30 12:13:04					
politics	N	Negative (Pro-Trump/Republican)	Re-election campaign	Pete Hegseth Was Removed from Biden's Inauguration, Labeled 'Extremist'	https://www.newsweek.com/pete-hegseth-was-removed-bidens-inauguration-labelled-extremist-1984882	https://www.newsweek.com/pete-hegseth-was-removed-bidens-inauguration-labelled-extremist-1984882	6231	469	2024-11-13 7:01:29					
politics	N	Positive (Pro Biden/ Democrats))	Post-Election	Melania Trump Is Expected to Snub White House Visit With Jill Biden	https://www.thedailybeast.com/melania-trump-is-expected-to-snub-white-house-visit-with-jill-biden/	https://www.thedailybeast.com/melania-trump-is-expected-to-snub-white-house-visit-with-jill-biden/	2984	718	2024-11-12 11:47:24					
politics	N	Positive (Pro Biden/ Democrats))	Post-Election	Trump Tells GOP to Bypass Senate Confirmation Process, Block Biden Judicial Appointments	https://www.rollingstone.com/politics/politics-news/trump-gop-bypass-senate-confirmation-process-1235161167/	https://www.rollingstone.com/politics/politics-news/trump-gop-bypass-senate-confirmation-process-1235161167/	8983	790	2024-11-10 15:39:04					
politics	N	Negative (Pro-Trump/Republican)	Post-Election	Melania Trump Is Expected to Snub White House Visit With Jill Biden	https://www.thedailybeast.com/melania-trump-is-expected-to-snub-white-house-visit-with-jill-biden/	https://www.thedailybeast.com/melania-trump-is-expected-to-snub-white-house-visit-with-jill-biden/	2990	718	2024-11-12 11:47:24					
politics	N	Positive (Pro Biden/ Democrats))	Foreign Conflict 	Biden team prepares to rush last-minute aid to Ukraine	https://www.politico.com/news/2024/11/06/biden-trump-ukraine-assistance-00187897	https://www.politico.com/news/2024/11/06/biden-trump-ukraine-assistance-00187897	4177	667	2024-11-06 15:31:31					
politics	N	Neutral	Foreign Conflict 	Biden allows Ukraine to use US arms to strike inside Russia	https://www.reuters.com/world/biden-lifts-ban-ukraine-using-us-arms-strike-inside-russia-2024-11-17/	https://www.reuters.com/world/biden-lifts-ban-ukraine-using-us-arms-strike-inside-russia-2024-11-17/	4906	775	2024-11-17 13:37:38					
politics	N	Neutral	Foreign Conflict 	Biden allows Ukraine to use US arms to strike inside Russia	https://www.reuters.com/world/biden-lifts-ban-ukraine-using-us-arms-strike-inside-russia-2024-11-17/	https://www.reuters.com/world/biden-lifts-ban-ukraine-using-us-arms-strike-inside-russia-2024-11-17/	4906	775	2024-11-17 13:37:38					
politics	N	Neutral	Foreign Conflict 	Biden team prepares to rush last-minute aid to Ukraine	https://www.politico.com/news/2024/11/06/biden-trump-ukraine-assistance-00187897	https://www.politico.com/news/2024/11/06/biden-trump-ukraine-assistance-00187897	4167	667	2024-11-06 15:31:31					
politics	N	Positive (Pro Biden/ Democrats))	Economic Impact	Voters punished Biden for problems he didn’t cause and effectively addressed	https://www.msnbc.com/opinion/msnbc-opinion/biden-trump-presidency-accomplishments-rcna179235	https://www.msnbc.com/opinion/msnbc-opinion/biden-trump-presidency-accomplishments-rcna179235	40438	3874	2024-11-10 18:55:40					
politics	N	Positive (Pro Biden/ Democrats))	Economic Impact	Voters punished Biden for problems he didn’t cause and effectively addressed	https://www.msnbc.com/opinion/msnbc-opinion/biden-trump-presidency-accomplishments-rcna179235	https://www.msnbc.com/opinion/msnbc-opinion/biden-trump-presidency-accomplishments-rcna179235	40436	3874	2024-11-10 18:55:40					
politics	N	Positive (Pro Biden/ Democrats))	Economic Impact	Get Ready for Trump-flation: Trump won the election in part because of a backlash against consumer price inflation on Biden’s watch. Several Trump policies will make inflation much worse.	https://prospect.org/economy/2024-11-07-get-ready-for-trump-flation/	https://prospect.org/economy/2024-11-07-get-ready-for-trump-flation/	3675	577	2024-11-08 12:35:18					
politics	N	Positive (Pro Biden/ Democrats))	Economic Impact	Don’t Give Trump Credit for the Success of the Biden Economy	https://time.com/7176493/trump-credit-success-biden-economy-inflation/	https://time.com/7176493/trump-credit-success-biden-economy-inflation/	4846	370	2024-11-18 21:30:42					
politics	N	Positive (Pro Biden/ Democrats))	Economic Impact	Biden leaves Trump a booming economy, with almost no unemployment and inflation under control	https://english.elpais.com/usa/elections/2024-11-08/biden-leaves-trump-a-booming-economy-with-almost-no-unemployment-and-inflation-under-control.html	https://english.elpais.com/usa/elections/2024-11-08/biden-leaves-trump-a-booming-economy-with-almost-no-unemployment-and-inflation-under-control.html	2758	460	2024-11-13 15:37:05					
politics	N	Positive (Pro Biden/ Democrats))	Economic Impact	Don’t Give Trump Credit for the Success of the Biden Economy	https://time.com/7176493/trump-credit-success-biden-economy-inflation/	https://time.com/7176493/trump-credit-success-biden-economy-inflation/	4846	370	2024-11-18 21:30:42					
politics	N	Positive (Pro Biden/ Democrats))	Economic Impact	Biden locks in $6.6B for TSMC chip factories, ensuring Trump can’t rescind CHIPS Act deal	https://azmirror.com/briefs/biden-locks-in-6-6b-for-huge-tsmc-chip-factories-in-arizona-ensuring-trump-cant-rescind-chips-act-deal/	https://azmirror.com/briefs/biden-locks-in-6-6b-for-huge-tsmc-chip-factories-in-arizona-ensuring-trump-cant-rescind-chips-act-deal/	35863	1092	2024-11-18 16:23:14					
politics	N	Positive (Pro Biden/ Democrats))	Economic Impact	Biden locks in $6.6B for TSMC chip factories, ensuring Trump can’t rescind CHIPS Act deal	https://azmirror.com/briefs/biden-locks-in-6-6b-for-huge-tsmc-chip-factories-in-arizona-ensuring-trump-cant-rescind-chips-act-deal/	https://azmirror.com/briefs/biden-locks-in-6-6b-for-huge-tsmc-chip-factories-in-arizona-ensuring-trump-cant-rescind-chips-act-deal/	35858	1092	2024-11-18 16:23:14					
politics	N	Positive (Pro Biden/ Democrats))	Economic Impact	Biden leaves Trump a booming economy, with almost no unemployment and inflation under control	https://english.elpais.com/usa/elections/2024-11-08/biden-leaves-trump-a-booming-economy-with-almost-no-unemployment-and-inflation-under-control.html	https://english.elpais.com/usa/elections/2024-11-08/biden-leaves-trump-a-booming-economy-with-almost-no-unemployment-and-inflation-under-control.html	2757	460	2024-11-13 15:37:05					
politics	N	Neutral	Biden's final initatives	Senate Confirms Biden Ethics Official to Oversee Trump Vetting	https://news.bloomberglaw.com/daily-labor-report/senate-confirms-biden-ethics-official-to-oversee-trump-vetting	https://news.bloomberglaw.com/daily-labor-report/senate-confirms-biden-ethics-official-to-oversee-trump-vetting	13215	441	2024-11-16 19:57:35					
politics	N	Positive (Pro Biden/ Democrats))	Biden's final initatives	Biden should order background checks of Trump’s Cabinet picks	https://www.msnbc.com/opinion/msnbc-opinion/biden-trump-cabinet-picks-fbi-background-checks-rcna180698	https://www.msnbc.com/opinion/msnbc-opinion/biden-trump-cabinet-picks-fbi-background-checks-rcna180698	8015	394	2024-11-18 22:05:56					
politics	N	Positive (Pro Biden/ Democrats))	Biden's final initatives	Biden vows to ‘make every day count’ before leaving White House to Trump	https://globalnews.ca/news/10858285/us-election-trump-biden-legacy/	https://globalnews.ca/news/10858285/us-election-trump-biden-legacy/	7103	1336	2024-11-09 5:31:03					
politics	N	Positive (Pro Biden/ Democrats))	Biden's final initatives	Biden vows to ‘make every day count’ before leaving White House to Trump	https://globalnews.ca/news/10858285/us-election-trump-biden-legacy/	https://globalnews.ca/news/10858285/us-election-trump-biden-legacy/	7104	1336	2024-11-09 5:31:03					
politics	N	Positive (Pro Biden/ Democrats))	Biden-Harris Policies	Judge declares Biden immigration program for spouses of U.S. citizens illegal	https://www.cbsnews.com/news/judge-declares-biden-immigration-program-for-spouses-of-u-s-citizens-illegal/	https://www.cbsnews.com/news/judge-declares-biden-immigration-program-for-spouses-of-u-s-citizens-illegal/	2525	715	2024-11-07 22:40:51					
politics	N	Positive (Pro Biden/ Democrats))	Biden-Harris Policies	Biden just finalized a major climate rule. This one could be tricky for Trump to dismantle	https://www.cnn.com/2024/11/12/climate/methane-rule-biden-trump/index.html	https://www.cnn.com/2024/11/12/climate/methane-rule-biden-trump/index.html	4360	173	2024-11-12 18:54:36					
politics	N	Positive (Pro Biden/ Democrats))	Biden-Harris Policies	Biden administration proposes a rule to make over-the-counter birth control free	https://www.npr.org/2024/10/20/g-s1-29117/over-the-counter-birth-control-condoms-free	https://www.npr.org/2024/10/20/g-s1-29117/over-the-counter-birth-control-condoms-free	7185	164	2024-10-21 5:43:09					
politics	N	Positive (Pro Biden/ Democrats))	Biden-Harris Policies	Biden administration proposes a rule to make over-the-counter birth control free	https://www.npr.org/2024/10/20/g-s1-29117/over-the-counter-birth-control-condoms-free	https://www.npr.org/2024/10/20/g-s1-29117/over-the-counter-birth-control-condoms-free	7190	164	2024-10-21 5:43:09					
politics	N	Neutral	Biden-Harris Policies	President Biden Names Fifty-Sixth Round of Judicial Nominees	https://www.whitehouse.gov/briefing-room/presidential-actions/2024/11/08/president-biden-names-fifty-sixth-round-of-judicial-nominees/	https://www.whitehouse.gov/briefing-room/presidential-actions/2024/11/08/president-biden-names-fifty-sixth-round-of-judicial-nominees/	6789	452	2024-11-12 1:11:01					
politics	N	Positive (Pro Biden/ Democrats))	Biden-Harris Policies	Senate Confirms Biden Ethics Official to Oversee Trump Vetting	https://news.bloomberglaw.com/daily-labor-report/senate-confirms-biden-ethics-official-to-oversee-trump-vetting	https://news.bloomberglaw.com/daily-labor-report/senate-confirms-biden-ethics-official-to-oversee-trump-vetting	13215	441	2024-11-16 19:57:35					
politics	N	Neutral	Biden-Harris Policies	President Biden Names Fifty-Sixth Round of Judicial Nominees	https://www.whitehouse.gov/briefing-room/presidential-actions/2024/11/08/president-biden-names-fifty-sixth-round-of-judicial-nominees/	https://www.whitehouse.gov/briefing-room/presidential-actions/2024/11/08/president-biden-names-fifty-sixth-round-of-judicial-nominees/	6795	452	2024-11-12 1:11:01					
politics	N	Negative (Pro-Trump/Republican)	Biden-Harris Policies	Judge declares Biden immigration program for spouses of U.S. citizens illegal	https://www.cbsnews.com/news/judge-declares-biden-immigration-program-for-spouses-of-u-s-citizens-illegal/	https://www.cbsnews.com/news/judge-declares-biden-immigration-program-for-spouses-of-u-s-citizens-illegal/	2520	715	2024-11-07 22:40:51					
politics	N	Positive (Pro Biden/ Democrats))	Biden-Harris Policies	Biden just finalized a major climate rule. This one could be tricky for Trump to dismantle	https://www.cnn.com/2024/11/12/climate/methane-rule-biden-trump/index.html	https://www.cnn.com/2024/11/12/climate/methane-rule-biden-trump/index.html	4368	173	2024-11-12 18:54:36					
technology	N	Positive (Pro Biden/ Democrats))	Trump Policies	Trump plans to dismantle Biden AI safeguards after victory | Trump plans to repeal Biden's 2023 order and levy tariffs on GPU imports.	https://arstechnica.com/ai/2024/11/trump-victory-signals-major-shakeup-for-us-ai-regulations/	https://arstechnica.com/ai/2024/11/trump-victory-signals-major-shakeup-for-us-ai-regulations/	23217	2916	2024-11-06 21:05:27					
technology	N	Negative (Pro-Trump/Republican)	Trump Policies	Trump's Re-Election Could Reignite Battle Over Space Command Headquarters | Biden reversed a controversial decision to relocate the U.S. Space Command to Alabama, but Trump is expected to follow through with his original plan.	https://gizmodo.com/trumps-re-election-could-reignite-battle-over-space-command-headquarters-2000523256	https://gizmodo.com/trumps-re-election-could-reignite-battle-over-space-command-headquarters-2000523256	2287	443	2024-11-12 7:51:22					
technology	N	Positive (Pro Biden/ Democrats))	Public Well-being	Biden, Xi agree that humans, not AI, should control nuclear arms	https://www.reuters.com/world/biden-xi-agreed-that-humans-not-ai-should-control-nuclear-weapons-white-house-2024-11-16/	https://www.reuters.com/world/biden-xi-agreed-that-humans-not-ai-should-control-nuclear-weapons-white-house-2024-11-16/	15370	516	2024-11-17 9:57:32					
technology	N	Neutral	Public Well-being	Fitness app Strava gives away location of Biden, Trump and other leaders, French newspaper says	https://www.courthousenews.com?page_id=1020333	https://www.courthousenews.com?page_id=1020333	3745	167	2024-10-28 15:47:35					
technology	N	Positive (Pro Biden/ Democrats))	Public Well-being	The digital divide for Indian Country got better under Biden—will that progress go away?	https://www.dailydot.com/news/digital-divide-indigenous-indian-country/	https://www.dailydot.com/news/digital-divide-indigenous-indian-country/	94	13	2024-11-08 20:06:39					
technology	N	Neutral	Public Well-being	FBI suspects China-linked hackers accessed officials’ call logs and SMS messages, report says | The group reportedly targeted phones used by Donald Trump’s family, Biden aides and diplomats.	https://www.engadget.com/cybersecurity/fbi-suspects-china-linked-hackers-accessed-officials-call-logs-and-sms-messages-report-says-000434865.html	https://www.engadget.com/cybersecurity/fbi-suspects-china-linked-hackers-accessed-officials-call-logs-and-sms-messages-report-says-000434865.html	351	15	2024-10-29 21:03:08					
technology	N	Neutral	Public Well-being	Fitness app Strava gives away location of Biden, Trump and other leaders, French newspaper says	https://apnews.com/article/biden-trump-macron-bodyguards-security-strava-0a48afca09c7aa74d703e72833dcaf72	https://apnews.com/article/biden-trump-macron-bodyguards-security-strava-0a48afca09c7aa74d703e72833dcaf72	3381	133	2024-11-02 9:08:21					
technology	N	Positive (Pro Biden/ Democrats))	Public Well-being	Biden Administration Outlines Government ‘Guardrails’ for A.I. Tools	https://www.nytimes.com/2024/10/24/us/politics/biden-government-guidelines-ai.html?unlocked_article_code=1.Uk4.9uhz.RRGIdAhwl0i_	https://www.nytimes.com/2024/10/24/us/politics/biden-government-guidelines-ai.html?unlocked_article_code=1.Uk4.9uhz.RRGIdAhwl0i_	419	2	2024-10-24 14:51:49					
technology	N	Positive (Pro Biden/ Democrats))	Economic Impact	Biden administration to provide $325 million for new Michigan semiconductor factory	https://apnews.com/article/hemlock-michigan-saginaw-chips-trump-biden-harris-3294f2da8e1faf71e6bb6b3ef682e092	https://apnews.com/article/hemlock-michigan-saginaw-chips-trump-biden-harris-3294f2da8e1faf71e6bb6b3ef682e092	3956	66	2024-10-21 21:07:11					
technology	N	Positive (Pro Biden/ Democrats))	Biden-Harris Policies	Exclusive: Trump's transition team aims to kill Biden EV tax credit	https://www.reuters.com/business/autos-transportation/trumps-transition-team-aims-kill-biden-ev-tax-credit-2024-11-14/	https://www.reuters.com/business/autos-transportation/trumps-transition-team-aims-kill-biden-ev-tax-credit-2024-11-14/	6336	707	2024-11-14 14:29:33					
technology	N	Positive (Pro Biden/ Democrats))	Biden-Harris Policies	Did President Biden Just Save the CHIPS Act From Trump?	https://newrepublic.com/post/188574/biden-saves-chips-act-trump-arizona-tsmc-factories-semiconductors	https://newrepublic.com/post/188574/biden-saves-chips-act-trump-arizona-tsmc-factories-semiconductors	6879	460	2024-11-18 19:10:40					
technology	N	Positive (Pro Biden/ Democrats))	Biden-Harris Policies	Biden administration announces $3 billion to build power lines delivering clean energy to rural areas	https://thehill.com/policy/energy-environment/4954170-biden-administration-funding-rural-electric/amp/	https://thehill.com/policy/energy-environment/4954170-biden-administration-funding-rural-electric/amp/	21456	822	2024-10-27 19:20:16					
technology	N	Positive (Pro Biden/ Democrats))	Biden-Harris Policies	Biden-Harris Admin Announces $428M for Coal Communities to Expand Clean Energy Manufacturing	https://www.ecowatch.com/doe-clean-energy-manufacturing-grants-former-coal-communities.html	https://www.ecowatch.com/doe-clean-energy-manufacturing-grants-former-coal-communities.html	3234	76	2024-10-23 7:22:54					
technology	N	Positive (Pro Biden/ Democrats))	Biden-Harris Policies	Biden–Harris Admin Aims to Help Slash Cost of EV Battery Recycling	https://cleantechnica.com/2024/11/01/biden-harris-admin-aims-to-help-slash-cost-of-ev-battery-recycling/	https://cleantechnica.com/2024/11/01/biden-harris-admin-aims-to-help-slash-cost-of-ev-battery-recycling/	1277	8	2024-11-02 19:11:48					
uspolitics	N	Positive (Pro Biden/ Democrats))	Voting	Letter written by experts to Harris and Biden about the possibility of election fraud	https://freespeechforpeople.org/wp-content/uploads/2024/11/letter-to-vp-harris-111324.pdf	https://freespeechforpeople.org/wp-content/uploads/2024/11/letter-to-vp-harris-111324.pdf	3	0	2024-11-14 23:15:46					
uspolitics	N	Positive (Pro Biden/ Democrats))	Voting	Remarks by President Biden at a LiUNA (Laborers' International Union of North America) GOTV Kick-Off Event in Pittsburgh, Pennsylvania | Biden: "Folks, it's in labor's interest to defeat Donald Trump more than any other race you've been in and as long as any one of you have been alive."	https://www.whitehouse.gov/briefing-room/speeches-remarks/2024/10/26/remarks-by-president-biden-at-a-liuna-gotv-kick-off-event-pittsburgh-pa/	https://www.whitehouse.gov/briefing-room/speeches-remarks/2024/10/26/remarks-by-president-biden-at-a-liuna-gotv-kick-off-event-pittsburgh-pa/	13	0	2024-11-01 12:36:43					
uspolitics	N	Positive (Pro Biden/ Democrats))	Trump Policies	Trump orders senators to appoint 'no judges' for remainder of Biden's presidency	https://www.rawstory.com/donald-trump-senate-judges/	https://www.rawstory.com/donald-trump-senate-judges/	79	40	2024-11-11 8:29:24					
uspolitics	N	Neutral	Trump Policies	Trump orders senators to appoint 'no judges' for remainder of Biden's presidency	https://www.rawstory.com/donald-trump-senate-judges/	https://www.rawstory.com/donald-trump-senate-judges/	76	40	2024-11-11 8:29:24					
uspolitics	N	Positive (Pro Biden/ Democrats))	Trump Policies	Biden should order background checks of Trump’s Cabinet picks	https://www.msnbc.com/opinion/msnbc-opinion/biden-trump-cabinet-picks-fbi-background-checks-rcna180698	https://www.msnbc.com/opinion/msnbc-opinion/biden-trump-cabinet-picks-fbi-background-checks-rcna180698	148	35	2024-11-19 10:24:41					
uspolitics	N	Negative (Pro-Trump/Republican)	Trump Policies	A Trump-appointed judge has blocked a new rule from the Biden-Harris administration which aimed at extending overtime protections to millions of workers.	https://www.huffpost.com/entry/trump-judge-blocks-overtime_n_6737a8f1e4b089e7d9aa7526	https://www.huffpost.com/entry/trump-judge-blocks-overtime_n_6737a8f1e4b089e7d9aa7526	54	21	2024-11-15 20:28:05					
uspolitics	N	Positive (Pro Biden/ Democrats))	Re-election campaign	Biden calls out Musk over a published report that the Tesla CEO once worked in the US illegally	https://apnews.com/article/fbd836b3de358148cda16c273ff904c4	https://apnews.com/article/fbd836b3de358148cda16c273ff904c4	58	11	2024-10-27 14:59:17					
uspolitics	N	Positive (Pro Biden/ Democrats))	Re-election campaign	Biden calls out Musk over a published report that the Tesla CEO once worked in the US illegally	https://apnews.com/article/fbd836b3de358148cda16c273ff904c4	https://apnews.com/article/fbd836b3de358148cda16c273ff904c4	57	11	2024-10-27 14:59:17					
uspolitics	N	Positive (Pro Biden/ Democrats))	Re-election campaign	JD Vance Offended by Joe Biden a Day After Complaining About Americans Getting Offended	https://www.thedailybeast.com/jd-vance-offended-by-joe-biden-a-day-after-complaining-about-americans-getting-offended/	https://www.thedailybeast.com/jd-vance-offended-by-joe-biden-a-day-after-complaining-about-americans-getting-offended/	66	5	2024-10-30 17:12:57					
uspolitics	N	Positive (Pro Biden/ Democrats))	Re-election campaign	Biden should order background checks of Trump’s Cabinet picks	https://www.msnbc.com/opinion/msnbc-opinion/biden-trump-cabinet-picks-fbi-background-checks-rcna180698	https://www.msnbc.com/opinion/msnbc-opinion/biden-trump-cabinet-picks-fbi-background-checks-rcna180698	142	35	2024-11-19 10:24:41					
uspolitics	N	Negative (Pro-Trump/Republican)	Re-election campaign	JD Vance Offended by Joe Biden a Day After Complaining About Americans Getting Offended	https://www.thedailybeast.com/jd-vance-offended-by-joe-biden-a-day-after-complaining-about-americans-getting-offended/	https://www.thedailybeast.com/jd-vance-offended-by-joe-biden-a-day-after-complaining-about-americans-getting-offended/	66	5	2024-10-30 17:12:57					
uspolitics	N	Negative (Pro-Trump/Republican)	Re-election campaign	Fellow National Guardsman told superiors Hegseth might be "insider threat" before Biden inauguration	https://www.cbsnews.com/amp/news/hegseth-insider-threat-biden-inauguration/	https://www.cbsnews.com/amp/news/hegseth-insider-threat-biden-inauguration/	61	4	2024-11-16 9:44:47					
uspolitics	N	Positive (Pro Biden/ Democrats))	Re-election campaign	Biden and Harris Do What Trump Refused: Support a Peaceful Transfer of Power	https://www.motherjones.com/politics/2024/11/biden-harris-peaceful-transfer-of-power/	https://www.motherjones.com/politics/2024/11/biden-harris-peaceful-transfer-of-power/	3	0	2024-11-08 1:42:42					
uspolitics	N	Negative (Pro-Trump/Republican)	Re-election campaign	Fellow National Guardsman told superiors Hegseth might be "insider threat" before Biden inauguration	https://www.cbsnews.com/amp/news/hegseth-insider-threat-biden-inauguration/	https://www.cbsnews.com/amp/news/hegseth-insider-threat-biden-inauguration/	60	4	2024-11-16 9:44:47					
uspolitics	N	Negative (Pro-Trump/Republican)	Re-election - "Garbage" Comment	Did Biden Call Trump's Supporters Garbage?	https://www.snopes.com/news/2024/10/30/biden-trump-supporters-garbage/	https://www.snopes.com/news/2024/10/30/biden-trump-supporters-garbage/	4	46	2024-10-31 3:49:05					
uspolitics	N	Negative (Pro-Trump/Republican)	Re-election - "Garbage" Comment	Did Biden Call Trump's Supporters Garbage?	https://www.snopes.com/news/2024/10/30/biden-trump-supporters-garbage/	https://www.snopes.com/news/2024/10/30/biden-trump-supporters-garbage/	8	46	2024-10-31 3:49:05					
uspolitics	N	Positive (Pro Biden/ Democrats))	Public Well-being	Biden-Harris Administration Takes New Action to Halt the Spread of Bird Flu, including in California and Washington	https://www.hhs.gov/about/news/2024/10/24/usda-hhs-fact-sheet-biden-harris-administration-new-action-halt-spread-bird-flu-california-washington.html	https://www.hhs.gov/about/news/2024/10/24/usda-hhs-fact-sheet-biden-harris-administration-new-action-halt-spread-bird-flu-california-washington.html	2	0	2024-10-25 16:42:12					
uspolitics	N	Neutral	Post-Election	Fake Photo Shows Trump and Biden Smiling at Each Other in White House	https://www.snopes.com/fact-check/trump-biden-smiling-photo/	https://www.snopes.com/fact-check/trump-biden-smiling-photo/	9	0	2024-11-14 4:15:42					
uspolitics	N	Positive (Pro Biden/ Democrats))	Post-Election	Letter written by experts to Harris and Biden about the possibility of election fraud	https://freespeechforpeople.org/wp-content/uploads/2024/11/letter-to-vp-harris-111324.pdf	https://freespeechforpeople.org/wp-content/uploads/2024/11/letter-to-vp-harris-111324.pdf	3	0	2024-11-14 23:15:46					
uspolitics	N	Negative (Pro-Trump/Republican)	Post-Election	James Comer will 'absolutely' continue pursuing Hunter Biden probe despite Trump's victory	https://www.rawstory.com/james-comer-hunter-biden-2669631073/	https://www.rawstory.com/james-comer-hunter-biden-2669631073/	50	24	2024-11-14 8:59:58					
uspolitics	N	Neutral	Post-Election	Fake Photo Shows Trump and Biden Smiling at Each Other in White House	https://www.snopes.com/fact-check/trump-biden-smiling-photo/	https://www.snopes.com/fact-check/trump-biden-smiling-photo/	9	0	2024-11-14 4:15:42					
uspolitics	N	Positive (Pro Biden/ Democrats))	Post-Election	Biden and Harris Do What Trump Refused: Support a Peaceful Transfer of Power	https://www.motherjones.com/politics/2024/11/biden-harris-peaceful-transfer-of-power/	https://www.motherjones.com/politics/2024/11/biden-harris-peaceful-transfer-of-power/	3	0	2024-11-08 1:42:42					
uspolitics	N	Neutral	Foreign Conflict 	Biden calls on Israeli military to stop strikes on U.N. peacekeepers in Lebanon	https://www.nbcnews.com/news/world/live-blog/live-updates-biden-un-peacekeepers-israel-iran-strikes-rcna175139	https://www.nbcnews.com/news/world/live-blog/live-updates-biden-un-peacekeepers-israel-iran-strikes-rcna175139	4	0	2024-10-26 20:46:33					
uspolitics	N	Neutral	Foreign Conflict 	Nearly 90 congressional Democrats call on Biden to sanction far-right Israeli Finance Minister Smotrich and National Security Minister Itamar Ben-Gvir	https://www.cnn.com/2024/11/14/politics/democrats-israel-biden-sanctions/index.html	https://www.cnn.com/2024/11/14/politics/democrats-israel-biden-sanctions/index.html	3	1	2024-11-16 12:46:32					
uspolitics	N	Positive (Pro Biden/ Democrats))	Foreign Conflict 	As the world waits for Trump, time runs out for Biden to help Ukraine	https://www.politico.com/news/2024/11/06/biden-trump-ukraine-assistance-00187897	https://www.politico.com/news/2024/11/06/biden-trump-ukraine-assistance-00187897	13	2	2024-11-06 14:59:02					
uspolitics	N	Negative (Pro-Trump/Republican)	Foreign Conflict 	As the world waits for Trump, time runs out for Biden to help Ukraine	https://www.politico.com/news/2024/11/06/biden-trump-ukraine-assistance-00187897	https://www.politico.com/news/2024/11/06/biden-trump-ukraine-assistance-00187897	15	2	2024-11-06 14:59:02					
uspolitics	N	Neutral	Foreign Conflict 	Biden sending military contractors to the Ukraine	https://www.cnn.com/2024/11/08/politics/biden-administration-american-military-contractors-deploy-ukraine/index.html	https://www.cnn.com/2024/11/08/politics/biden-administration-american-military-contractors-deploy-ukraine/index.html	9	3	2024-11-08 13:49:51					
uspolitics	N	Neutral	Foreign Conflict 	Biden sending military contractors to the Ukraine	https://www.cnn.com/2024/11/08/politics/biden-administration-american-military-contractors-deploy-ukraine/index.html	https://www.cnn.com/2024/11/08/politics/biden-administration-american-military-contractors-deploy-ukraine/index.html	12	3	2024-11-08 13:49:51					
uspolitics	N	Negative (Pro-Trump/Republican)	Foreign Conflict 	Putin’s Pals Are Freaking Out About Biden’s Bombshell Missile Move	https://www.thedailybeast.com/putins-pals-are-freaking-out-about-bidens-bombshell-missile-move/	https://www.thedailybeast.com/putins-pals-are-freaking-out-about-bidens-bombshell-missile-move/	82	23	2024-11-19 14:22:32					
uspolitics	N	Positive (Pro Biden/ Democrats))	Foreign Conflict 	Biden approves Ukraine’s use of long-range missiles inside Russia for first time	https://www.independent.co.uk/news/world/europe/biden-missiles-ukraine-long-range-trump-b2648654.html	https://www.independent.co.uk/news/world/europe/biden-missiles-ukraine-long-range-trump-b2648654.html	26	5	2024-11-17 19:24:06					
uspolitics	N	Positive (Pro Biden/ Democrats))	Foreign Conflict 	Biden approves Ukraine’s use of long-range missiles inside Russia for first time	https://www.independent.co.uk/news/world/europe/biden-missiles-ukraine-long-range-trump-b2648654.html	https://www.independent.co.uk/news/world/europe/biden-missiles-ukraine-long-range-trump-b2648654.html	27	5	2024-11-17 19:24:06					
uspolitics	N	Positive (Pro Biden/ Democrats))	Biden's final initatives	Biden to push through anti-Trump plans as he vows to make last days in office count	https://www.telegraph.co.uk/us/politics/2024/11/07/biden-anti-trump-plans-last-days-white-house/	https://www.telegraph.co.uk/us/politics/2024/11/07/biden-anti-trump-plans-last-days-white-house/	31	14	2024-11-07 23:38:23					
uspolitics	N	Positive (Pro Biden/ Democrats))	Biden-Harris Policies	Biden-Harris Administration to End Online Junk Fees for Low-Income Families Paying for School Meals	https://www.usda.gov/media/press-releases/2024/11/01/biden-harris-administration-end-online-junk-fees-low-income	https://www.usda.gov/media/press-releases/2024/11/01/biden-harris-administration-end-online-junk-fees-low-income	13	0	2024-11-04 19:38:02					
uspolitics	N	Positive (Pro Biden/ Democrats))	Biden-Harris Policies	Biden-Harris Administration Takes New Action to Halt the Spread of Bird Flu, including in California and Washington	https://www.hhs.gov/about/news/2024/10/24/usda-hhs-fact-sheet-biden-harris-administration-new-action-halt-spread-bird-flu-california-washington.html	https://www.hhs.gov/about/news/2024/10/24/usda-hhs-fact-sheet-biden-harris-administration-new-action-halt-spread-bird-flu-california-washington.html	2	0	2024-10-25 16:42:12					
uspolitics	N	Positive (Pro Biden/ Democrats))	Biden-Harris Policies	Biden-Harris Administration to End Online Junk Fees for Low-Income Families Paying for School Meals	https://www.usda.gov/media/press-releases/2024/11/01/biden-harris-administration-end-online-junk-fees-low-income	https://www.usda.gov/media/press-releases/2024/11/01/biden-harris-administration-end-online-junk-fees-low-income	17	0	2024-11-04 19:38:02					
uspolitics	N	Positive (Pro Biden/ Democrats))	Biden-Harris Policies	A Trump-appointed judge has blocked a new rule from the Biden-Harris administration which aimed at extending overtime protections to millions of workers.	https://www.huffpost.com/entry/trump-judge-blocks-overtime_n_6737a8f1e4b089e7d9aa7526	https://www.huffpost.com/entry/trump-judge-blocks-overtime_n_6737a8f1e4b089e7d9aa7526	55	21	2024-11-15 20:28:05					
wallstreetbets	N	Positive (Pro Biden/ Democrats))	Biden's final initatives	Biden Admin Rushing to Distribute CHIPS Act Funds Before Trump Enters Office	https://www.bloomberg.com/news/articles/2024-11-08/trump-s-win-sets-off-race-to-complete-chips-act-subsidy-deals?embedded-checkout=true	https://www.bloomberg.com/news/articles/2024-11-08/trump-s-win-sets-off-race-to-complete-chips-act-subsidy-deals?embedded-checkout=true	5348	560	2024-11-08 17:59:36					
worldnews	N	Neutral	Trump Policies	Xi Jinping tells Biden China 'ready to work' with Trump administration	https://www.abc.net.au/news/2024-11-17/apec-leaders-fail-to-reach-consensus-on-ukraine-and-middle-east/104611008?utm_source=abc_news_app&utm_medium=content_shared&utm_campaign=abc_news_app&utm_content=other	https://www.abc.net.au/news/2024-11-17/apec-leaders-fail-to-reach-consensus-on-ukraine-and-middle-east/104611008?utm_source=abc_news_app&utm_medium=content_shared&utm_campaign=abc_news_app&utm_content=other	1988	269	2024-11-16 19:47:01					
worldnews	N	Negative (Pro-Trump/Republican)	Trump Policies	Xi Jinping tells Biden China 'ready to work' with Trump administration	https://www.abc.net.au/news/2024-11-17/apec-leaders-fail-to-reach-consensus-on-ukraine-and-middle-east/104611008?utm_source=abc_news_app&utm_medium=content_shared&utm_campaign=abc_news_app&utm_content=other	https://www.abc.net.au/news/2024-11-17/apec-leaders-fail-to-reach-consensus-on-ukraine-and-middle-east/104611008?utm_source=abc_news_app&utm_medium=content_shared&utm_campaign=abc_news_app&utm_content=other	1988	269	2024-11-16 19:47:01					
worldnews	N	Positive (Pro Biden/ Democrats))	Post-Election	Polish president hails Biden's approval for Ukraine to fire missiles on Russia	https://www.polskieradio.pl/395/7784/Artykul/3447813,duda-hails-biden%E2%80%99s-approval-for-ukraine-to-use-us-missiles-in-russia-as-a-potential-turning-point	https://www.polskieradio.pl/395/7784/Artykul/3447813,duda-hails-biden%E2%80%99s-approval-for-ukraine-to-use-us-missiles-in-russia-as-a-potential-turning-point	1085	13	2024-11-19 8:24:08					
worldnews	N	Neutral	Foreign Conflict 	Biden is sending aid to help Ukraine keep fighting next year, Blinken says	https://apnews.com/article/russia-ukraine-kyiv-attack-276e38b9e841f92032909f08456743f9	https://apnews.com/article/russia-ukraine-kyiv-attack-276e38b9e841f92032909f08456743f9	3406	113	2024-11-13 10:19:37					
worldnews	N	Neutral	Foreign Conflict 	Biden says Ukraine should strike back if North Korean troops cross into Ukraine	https://www.reuters.com/world/biden-says-ukraine-should-strike-back-if-north-korean-troops-cross-into-ukraine-2024-10-29/	https://www.reuters.com/world/biden-says-ukraine-should-strike-back-if-north-korean-troops-cross-into-ukraine-2024-10-29/	5494	300	2024-10-29 17:21:44					
worldnews	N	Negative (Pro-Trump/Republican)	Foreign Conflict 	Russian officials mull evacuating families as Biden OKs long-range strikes	https://www.newsweek.com/russia-mulls-evacuating-families-biden-oks-ukraine-atacms-strikes-1987270	https://www.newsweek.com/russia-mulls-evacuating-families-biden-oks-ukraine-atacms-strikes-1987270	5200	221	2024-11-18 5:22:03					
worldnews	N	Neutral	Foreign Conflict 	Biden Allows Ukraine to Strike Russia With Long-Range U.S. Missiles	https://www.nytimes.com/2024/11/17/us/politics/biden-ukraine-russia-atacms-missiles.html?smid=nytcore-ios-share&referringSource=articleShare	https://www.nytimes.com/2024/11/17/us/politics/biden-ukraine-russia-atacms-missiles.html?smid=nytcore-ios-share&referringSource=articleShare	67815	5085	2024-11-17 13:06:21					
worldnews	N	Neutral	Foreign Conflict 	UK, France to discuss how to persuade Biden to allow Ukraine to strike deep into Russia, Telegraph reports	https://kyivindependent.com/uk-france-to-discuss-how-to-persuade-biden-to-allow-ukraine-to-strike-deep-into-russia-telegraph-reports/	https://kyivindependent.com/uk-france-to-discuss-how-to-persuade-biden-to-allow-ukraine-to-strike-deep-into-russia-telegraph-reports/	2156	112	2024-11-12 18:57:04					
worldnews	N	Negative (Pro-Trump/Republican)	Foreign Conflict 	Biden plans to use billions in seized Russian assets to fund Ukraine aid	https://www.courthousenews.com?page_id=1018936	https://www.courthousenews.com?page_id=1018936	34164	787	2024-10-23 19:09:15					
worldnews	N	Positive (Pro Biden/ Democrats))	Foreign Conflict 	Macron praises Biden's decision to ease limits on Ukraine's long-range strikes	https://kyivindependent.com/macron-praises-biden/	https://kyivindependent.com/macron-praises-biden/	5944	166	2024-11-19 7:05:33					
worldnews	N	Neutral	Foreign Conflict 	UK, France to discuss how to persuade Biden to allow Ukraine to strike deep into Russia, Telegraph reports	https://kyivindependent.com/uk-france-to-discuss-how-to-persuade-biden-to-allow-ukraine-to-strike-deep-into-russia-telegraph-reports/	https://kyivindependent.com/uk-france-to-discuss-how-to-persuade-biden-to-allow-ukraine-to-strike-deep-into-russia-telegraph-reports/	4380	369	2024-11-11 4:35:21					
worldnews	N	Neutral	Foreign Conflict 	UK, France to discuss how to persuade Biden to allow Ukraine to strike deep into Russia, Telegraph reports	https://kyivindependent.com/uk-france-to-discuss-how-to-persuade-biden-to-allow-ukraine-to-strike-deep-into-russia-telegraph-reports/	https://kyivindependent.com/uk-france-to-discuss-how-to-persuade-biden-to-allow-ukraine-to-strike-deep-into-russia-telegraph-reports/	2158	112	2024-11-12 18:57:04					
worldnews	N	Positive (Pro Biden/ Democrats))	Foreign Conflict 	Biden rushing assistance to Ukraine, with aid uncertain under Trump	https://www.reuters.com/world/white-house-plans-rush-military-aid-ukraine-by-inauguration-day-politico-reports-2024-11-06/	https://www.reuters.com/world/white-house-plans-rush-military-aid-ukraine-by-inauguration-day-politico-reports-2024-11-06/	12649	832	2024-11-07 8:42:25					
worldnews	N	Positive (Pro Biden/ Democrats))	Foreign Conflict 	Biden rushing assistance to Ukraine, with aid uncertain under Trump	https://www.reuters.com/world/white-house-plans-rush-military-aid-ukraine-by-inauguration-day-politico-reports-2024-11-06/	https://www.reuters.com/world/white-house-plans-rush-military-aid-ukraine-by-inauguration-day-politico-reports-2024-11-06/	12642	832	2024-11-07 8:42:25					
worldnews	N	Neutral	Foreign Conflict 	Ukraine war briefing: Biden urges Xi to dissuade North Korea from deepening Russian support | World news	https://www.theguardian.com/world/2024/nov/17/ukraine-war-briefing-biden-urges-xi-to-dissuade-north-korea-from-deepening-russian-support	https://www.theguardian.com/world/2024/nov/17/ukraine-war-briefing-biden-urges-xi-to-dissuade-north-korea-from-deepening-russian-support	441	46	2024-11-17 3:35:06					
worldnews	N	Neutral	Foreign Conflict 	UK, France to discuss how to persuade Biden to allow Ukraine to strike deep into Russia, Telegraph reports	https://kyivindependent.com/uk-france-to-discuss-how-to-persuade-biden-to-allow-ukraine-to-strike-deep-into-russia-telegraph-reports/	https://kyivindependent.com/uk-france-to-discuss-how-to-persuade-biden-to-allow-ukraine-to-strike-deep-into-russia-telegraph-reports/	4379	369	2024-11-11 4:35:21					
worldnews	N	Neutral	Foreign Conflict 	Biden administration to allow American military contractors to deploy to Ukraine for first time since Russia’s invasion | CNN Politics	https://edition.cnn.com/2024/11/08/politics/biden-administration-american-military-contractors-deploy-ukraine/index.html	https://edition.cnn.com/2024/11/08/politics/biden-administration-american-military-contractors-deploy-ukraine/index.html	38101	2632	2024-11-08 13:53:06					
worldnews	N	Neutral	Foreign Conflict 	Ukraine war briefing: Biden urges Xi to dissuade North Korea from deepening Russian support | World news	https://www.theguardian.com/world/2024/nov/17/ukraine-war-briefing-biden-urges-xi-to-dissuade-north-korea-from-deepening-russian-support	https://www.theguardian.com/world/2024/nov/17/ukraine-war-briefing-biden-urges-xi-to-dissuade-north-korea-from-deepening-russian-support	443	46	2024-11-17 3:35:06					
worldnews	N	Positive (Pro Biden/ Democrats))	Foreign Conflict 	Polish president hails Biden's approval for Ukraine to fire missiles on Russia	https://www.polskieradio.pl/395/7784/Artykul/3447813,duda-hails-biden%E2%80%99s-approval-for-ukraine-to-use-us-missiles-in-russia-as-a-potential-turning-point	https://www.polskieradio.pl/395/7784/Artykul/3447813,duda-hails-biden%E2%80%99s-approval-for-ukraine-to-use-us-missiles-in-russia-as-a-potential-turning-point	1080	13	2024-11-19 8:24:08					
worldnews	N	Neutral	Foreign Conflict 	Russian officials mull evacuating families as Biden OKs long-range strikes	https://www.newsweek.com/russia-mulls-evacuating-families-biden-oks-ukraine-atacms-strikes-1987270	https://www.newsweek.com/russia-mulls-evacuating-families-biden-oks-ukraine-atacms-strikes-1987270	5193	221	2024-11-18 5:22:03					
worldnews	N	Neutral	Foreign Conflict 	Biden is sending aid to help Ukraine keep fighting next year, Blinken says	https://apnews.com/article/russia-ukraine-kyiv-attack-276e38b9e841f92032909f08456743f9	https://apnews.com/article/russia-ukraine-kyiv-attack-276e38b9e841f92032909f08456743f9	3401	113	2024-11-13 10:19:37					
worldnews	N	Neutral	Foreign Conflict 	Biden administration to allow American military contractors to deploy to Ukraine for first time since Russia’s invasion | CNN Politics	https://edition.cnn.com/2024/11/08/politics/biden-administration-american-military-contractors-deploy-ukraine/index.html	https://edition.cnn.com/2024/11/08/politics/biden-administration-american-military-contractors-deploy-ukraine/index.html	38102	2632	2024-11-08 13:53:06					
worldnews	N	Neutral	Foreign Conflict 	Biden Allows Ukraine to Strike Russia With Long-Range U.S. Missiles	https://www.nytimes.com/2024/11/17/us/politics/biden-ukraine-russia-atacms-missiles.html?smid=nytcore-ios-share&referringSource=articleShare	https://www.nytimes.com/2024/11/17/us/politics/biden-ukraine-russia-atacms-missiles.html?smid=nytcore-ios-share&referringSource=articleShare	67821	5085	2024-11-17 13:06:21					
worldnews	N	Neutral	Foreign Conflict 	Biden plans to use billions in seized Russian assets to fund Ukraine aid	https://www.courthousenews.com?page_id=1018936	https://www.courthousenews.com?page_id=1018936	34169	787	2024-10-23 19:09:15					
worldnews	N	Negative (Pro-Trump/Republican)	Foreign Conflict 	Biden approves antipersonnel mines for Ukraine, undoing his own policy	https://www.washingtonpost.com/national-security/2024/11/19/biden-landmines-ukraine-russia/?utm_campaign=wp_main&utm_medium=social&utm_source=reddit.com	https://www.washingtonpost.com/national-security/2024/11/19/biden-landmines-ukraine-russia/?utm_campaign=wp_main&utm_medium=social&utm_source=reddit.com	27812	1652	2024-11-19 19:43:54					
antitrumpalliance	L	Positive (Pro Biden/ Democrats))	Voting	A recent poll shows the percentage of Black voters backing the Democrat has risen to 85%, higher than Biden’s support in 2020	https://english.elpais.com/usa/elections/2024-11-03/harris-makes-up-ground-among-black-voters-as-campaign-nears-close.html	https://english.elpais.com/usa/elections/2024-11-03/harris-makes-up-ground-among-black-voters-as-campaign-nears-close.html	393	3	2024-11-03 21:15:51					
antitrumpalliance	L	Negative (Pro-Trump/Republican)	Voting	FWIW, it looks like it will go on record that Trump never got more votes than Biden; or a greater % of such, or more Electoral votes, than either Biden or Obama. (Also in their 2nd terms Reagan got 58.8%, 525, & 49 states; while Nixon got 60.7%, 520, & 49 states, & Nixon wasn't even 60 at the time).	https://en.wikipedia.org/wiki/United_States_presidential_election	https://en.wikipedia.org/wiki/United_States_presidential_election	31	4	2024-11-06 17:34:32					
antitrumpalliance	L	Negative (Pro-Trump/Republican)	Voting	Where did the millions of Joe Biden votes go?	https://www.newsweek.com/joe-biden-millions-voters-kamala-harris-trump-election-1981954	https://www.newsweek.com/joe-biden-millions-voters-kamala-harris-trump-election-1981954	569	193	2024-11-07 12:20:34					
antitrumpalliance	L	Positive (Pro Biden/ Democrats))	Re-election campaign	Biden says Elon Musk was an 'illegal worker' when he began U.S. career	https://www.cnbc.com/2024/10/26/biden-elon-musk-illegal-worker-began-career.html	https://www.cnbc.com/2024/10/26/biden-elon-musk-illegal-worker-began-career.html	390	7	2024-10-28 13:37:55					
antitrumpalliance	L	Positive (Pro Biden/ Democrats))	Re-election campaign	New Rule: Christmas Eve Voters | Real Time with Bill Maher (HBO) (his message to undecided voters: America has done well under Biden, will continue to do so under Harris, but won't under Trump)	https://www.youtube.com/watch?v=BmgSuRjAbU0	https://www.youtube.com/watch?v=BmgSuRjAbU0	15	1	2024-11-02 1:18:27					
antitrumpalliance	L	Neutral	Re-election campaign	Biden wants Americans to "bring down the temperature" — but MAGA will not let that happen	https://www.salon.com/2024/11/12/biden-wants-americans-to-bring-down-the-temperature--but-maga-will-not-let-that-happen/	https://www.salon.com/2024/11/12/biden-wants-americans-to-bring-down-the-temperature--but-maga-will-not-let-that-happen/	387	82	2024-11-12 10:42:38					
antitrumpalliance	L	Positive (Pro Biden/ Democrats))	Re-election - "Garbage" Comment	Harris addresses Biden’s ‘garbage’ comments	https://thehill.com/homenews/campaign/4961376-harris-biden-garbage-comments/	https://thehill.com/homenews/campaign/4961376-harris-biden-garbage-comments/	76	42	2024-10-30 11:09:11					
antitrumpalliance	L	Positive (Pro Biden/ Democrats))	Re-election - "Garbage" Comment	Idiot Trump Hits Back at Biden’s “Garbage” Quote With Dumbest Stunt	https://newrepublic.com/post/187745/donald-trump-joe-biden-garbage-comment-stunt	https://newrepublic.com/post/187745/donald-trump-joe-biden-garbage-comment-stunt	143	9	2024-11-01 6:56:22					
antitrumpalliance	L	Negative (Pro-Trump/Republican)	Re-election - "Garbage" Comment	MAGA world fumes as Biden says: 'Only garbage I see floating out there is his supporters'	https://www.rawstory.com/joe-biden-2669519098/	https://www.rawstory.com/joe-biden-2669519098/	3572	449	2024-10-30 5:55:43					
antitrumpalliance	L	Positive (Pro Biden/ Democrats))	Public Well-being	Biden-Harris made America safer — Donald Trump could undo their progress instantly	https://thehill.com/opinion/white-house/4952061-biden-harris-regulation-gun-market/	https://thehill.com/opinion/white-house/4952061-biden-harris-regulation-gun-market/	67	1	2024-10-27 9:37:16					
antitrumpalliance	L	Negative (Pro-Trump/Republican)	Foreign Conflict 	Putin’s Pals Are Freaking Out About Biden’s Bombshell Missile Move	https://www.thedailybeast.com/putins-pals-are-freaking-out-about-bidens-bombshell-missile-move/	https://www.thedailybeast.com/putins-pals-are-freaking-out-about-bidens-bombshell-missile-move/	669	22	2024-11-19 14:28:31					
antitrumpalliance	L	Neutral	Economic Impact	Trump promise to repeal Biden climate policies could cost US billions, report finds	https://www.theguardian.com/environment/2024/nov/14/trump-clean-energy-climate-policies	https://www.theguardian.com/environment/2024/nov/14/trump-clean-energy-climate-policies	173	12	2024-11-14 10:17:37					
antitrumpalliance	L	Positive (Pro Biden/ Democrats))	Biden's final initatives	Executive Actions Biden Could Take Now To Lessen The Impact	https://www.thenation.com/article/politics/trump-biden-election-executive-actions-democracy/	https://www.thenation.com/article/politics/trump-biden-election-executive-actions-democracy/	132	15	2024-11-07 22:12:52					
antitrumpalliance	L	Positive (Pro Biden/ Democrats))	Biden's final initatives	Should Biden preemptively pardon Trump targets?	Should Biden pardon hundreds of potential Trump retribution targets before he leaves office including himself? This includes Harris, current/former cabinet members, other politicians (Schiff), Milley,, journalists, etc.  Look forward to your comments.	https://www.reddit.com/r/AntiTrumpAlliance/comments/1glusc3/should_biden_preemptively_pardon_trump_targets/	167	83	2024-11-07 11:41:20					
antitrumpalliance	L	Positive (Pro Biden/ Democrats))	Biden-Harris Policies	Trump Attacks Bipartisan Semiconductor Law, a Key Policy Achievement for Biden	https://www.nytimes.com/2024/10/26/us/politics/trump-joe-rogan-chips-science-act.html	https://www.nytimes.com/2024/10/26/us/politics/trump-joe-rogan-chips-science-act.html	43	2	2024-10-27 1:11:13					
darkbrandon	L	Positive (Pro Biden/ Democrats))	Voting	President Biden standing in line to vote	https://i.redd.it/1xg3e66mmjxd1.jpeg	https://i.redd.it/1xg3e66mmjxd1.jpeg	407	11	2024-10-29 15:33:44					
darkbrandon	L	Positive (Pro Biden/ Democrats))	Trump Policies	Biden needs to declassify everything about Donald Trump, his minions, co-conspirators, Jill Stein, Tulsi Gabbard, and everyone involved in Project 2025. ALL OF IT.	I'm talking releasing all the Epstein stuff on Trump and the GOP. Absolutely everything.    We NEED GOP infighting, especially at the state level, to stop them from destroying our country, with public schools first on the chopping block. Their intent is complete segregation of red vs blue. We can't let them have any kind of cohesion.    He needs to declassify everything hacked by Russia. The CIA would have gotten copies to know exactly what information Russia got its beet-stained hands on. Think how outraged people were in 2016 when the hacked DNC emails revealed how hard the DNC and Wasserman-Schultz tried to stop Bernie Sanders. Now imagine of all the early GOP efforts against Trump. Imagine how much the establishment who wanted Marco Rubio and Rick Santorum felt. They must have wanted Trump literally dead.    There is nothing Trump hates more than people who don't like him, and you know the GOP insiders despise him behind the scenes. His army of incels and MAGA bros will go after the GOP base.     Trump trying to destroy the GOP is a better outcome than him spending all his time harassing blue states.	https://www.reddit.com/r/DarkBRANDON/comments/1gnqa7v/biden_needs_to_declassify_everything_about_donald/	1127	48	2024-11-09 21:18:12					
darkbrandon	L	Positive (Pro Biden/ Democrats))	Re-election campaign	I wished that Biden ran in 2016.	He would have won. I wanna live in that timeline.	https://www.reddit.com/r/DarkBRANDON/comments/1gku0i2/i_wished_that_biden_ran_in_2016/	136	33	2024-11-06 3:41:34					
darkbrandon	L	Negative (Pro-Trump/Republican)	Re-election campaign	Jill Biden admits husband Joe made ‘right call’ by exiting presidential race	https://www.theguardian.com/us-news/2024/oct/21/jill-joe-biden-dropping-out?CMP=Share_iOSApp_Other	https://www.theguardian.com/us-news/2024/oct/21/jill-joe-biden-dropping-out?CMP=Share_iOSApp_Other	833	15	2024-10-21 13:40:44					
darkbrandon	L	Positive (Pro Biden/ Democrats))	Re-election campaign	Shower Thought: Should Biden Resign and have Harris take over to steal Trump's Thunder and the 47th Spot	I know it would be for a short time and meaningless, but hey we have the next 4-20 years to hopefully learn something.	https://www.reddit.com/r/DarkBRANDON/comments/1glilye/shower_thought_should_biden_resign_and_have/	135	55	2024-11-06 23:45:28					
darkbrandon	L	Positive (Pro Biden/ Democrats))	Re-election campaign	If we don’t get Offical Acts Biden, can we at least get	“Oh no a medical emergency I hereby resign, and now Kamala Harris is the 47th president lol sorry about that merch, orange anus.”    I’m all about that pettiness.	https://www.reddit.com/r/DarkBRANDON/comments/1gmxmhd/if_we_dont_get_offical_acts_biden_can_we_at_least/	319	36	2024-11-08 19:30:47					
darkbrandon	L	Positive (Pro Biden/ Democrats))	Re-election campaign	If Biden trolled the MAGAs one more time before Nov 5, what would you want to see them wear after literal garbage?	With pics circulating everywhere of MAGAs dressed in trash bags or sitting next to full bags of garbage… What could Joe provoke them to wear in these final days?     These people will wear diapers over their clothes to show their fawning loyalty to Agent Orange. So many possibilities.	https://www.reddit.com/r/DarkBRANDON/comments/1ghur2o/if_biden_trolled_the_magas_one_more_time_before/	100	60	2024-11-02 7:54:57					
darkbrandon	L	Positive (Pro Biden/ Democrats))	Re-election - "Garbage" Comment	What the fuck is this pearl-clutching bullshit from the mainstream media? Trump literally has a hate rally but Biden calling his minions 'garbage' is a bridge too far??	https://i.redd.it/bqwjxqa1iwxd1.png	https://i.redd.it/bqwjxqa1iwxd1.png	1125	121	2024-10-30 10:08:17					
darkbrandon	L	Positive (Pro Biden/ Democrats))	Public Well-being	I think it is a sign to keep it open. DOJO BIDEN made an appearance tonight. I hope that's his ass kicking stance.	https://www.reddit.com/gallery/1gmazzr	https://www.reddit.com/gallery/1gmazzr	91	4	2024-11-08 0:06:49					
darkbrandon	L	Neutral	Public Well-being	President Biden meeting with Vets	https://i.redd.it/6499espsv31e1.jpeg	https://i.redd.it/6499espsv31e1.jpeg	306	5	2024-11-15 23:32:29					
darkbrandon	L	Neutral	Post-Election	Did Joe Biden Drop Out' Google Searches Spike on Election Night, Suggesting Many Americans Had No Idea He Wasn't Running	https://www.latintimes.com/did-joe-biden-drop-out-google-trends-presidential-election-trump-harris-564875	https://www.latintimes.com/did-joe-biden-drop-out-google-trends-presidential-election-trump-harris-564875	317	19	2024-11-06 14:45:08					
darkbrandon	L	Neutral	Foreign Conflict 	A Suggestion for Biden’s Final Act	I think Biden should finally implement an arms embargo on Israel to rein in Netanyahu. Obviously Netanyahu would not be swayed, since he can just wait Biden out, but that would kind of be the point. Demonstrate that Democrats support Israel, but are not unquestioningly loyal to Israel. Demonstrate that the goal was always a cooling of tensions and an end to the bloodshed, and not the extermination of a culture. Then, when Trump comes into office, he will appear warlike and bloodthirsty. His renewal of supplying arms to Israel will seem like a slap in the face to both Muslim voters who swung for him/didn’t turn out for Kamala and a slap in the face to his supporters who generally want us to disengage from all foreign conflicts.	https://www.reddit.com/r/DarkBRANDON/comments/1glhetp/a_suggestion_for_bidens_final_act/	10	21	2024-11-06 22:37:17					
darkbrandon	L	Positive (Pro Biden/ Democrats))	Foreign Conflict 	Biden can still save Ukraine	https://i.redd.it/tl8o26uu6jzd1.png	https://i.redd.it/tl8o26uu6jzd1.png	270	12	2024-11-13 15:17:53					
darkbrandon	L	Neutral	Foreign Conflict 	⚡️⚡️⚡️Biden finally allowed Ukraine to strike Russia with US long-range ATACMS missiles, NYT	https://i.redd.it/gv6317yl6i1e1.jpeg	https://i.redd.it/gv6317yl6i1e1.jpeg	367	13	2024-11-17 15:13:52					
darkbrandon	L	Neutral	Foreign Conflict 	Biden Allows Ukraine to Strike Russia With Long-Range U.S. Missiles	https://www.nytimes.com/2024/11/17/us/politics/biden-ukraine-russia-atacms-missiles.html?smtyp=cur&smid=bsky-nytimes	https://www.nytimes.com/2024/11/17/us/politics/biden-ukraine-russia-atacms-missiles.html?smtyp=cur&smid=bsky-nytimes	60	0	2024-11-17 15:09:44					
darkbrandon	L	Positive (Pro Biden/ Democrats))	Economic Impact	Bidenomics Is Starting to Transform America. Why Has No One Noticed?	https://www.newyorker.com/magazine/2024/11/04/bidenomics-is-starting-to-transform-america-why-has-no-one-noticed	https://www.newyorker.com/magazine/2024/11/04/bidenomics-is-starting-to-transform-america-why-has-no-one-noticed	580	18	2024-10-30 8:25:10					
darkbrandon	L	Positive (Pro Biden/ Democrats))	Biden's final initatives	Dems still in power for 2.5 months. What "official acts" should Biden take right now?	The first one that comes to my mind is naturalization of all of the DACA recipients.	https://www.reddit.com/r/DarkBRANDON/comments/1gksyw8/dems_still_in_power_for_25_months_what_official/	610	226	2024-11-06 2:27:03					
darkbrandon	L	Positive (Pro Biden/ Democrats))	Biden-Harris Policies	Secy. Buttigieg has a name for Biden’s infrastructure accomplishments: ‘The Big Deal’ - YouTube	https://www.youtube.com/watch?v=PN50kLvCTG8	https://www.youtube.com/watch?v=PN50kLvCTG8	199	9	2024-11-19 0:51:27					
darkbrandon	L	Positive (Pro Biden/ Democrats))	Biden-Harris Policies	Biden becomes the first sitting US president to visit Brazil's Amazon rainforest	https://www.reddit.com/gallery/1gtod32	https://www.reddit.com/gallery/1gtod32	1353	30	2024-11-17 16:36:22					
darkbrandon	L	Positive (Pro Biden/ Democrats))	Biden-Harris Policies	Thank you, President Biden! Reported by Bloomberg this morning	https://i.redd.it/vs313d8xnwwd1.png	https://i.redd.it/vs313d8xnwwd1.png	558	9	2024-10-25 13:09:57					
darkbrandon	L	Positive (Pro Biden/ Democrats))	Biden-Harris Policies	Did President Biden Just Save the CHIPS Act From Trump?	https://newrepublic.com/post/188574/biden-saves-chips-act-trump-arizona-tsmc-factories-semiconductors	https://newrepublic.com/post/188574/biden-saves-chips-act-trump-arizona-tsmc-factories-semiconductors	734	25	2024-11-19 10:50:13					
darkbrandon	L	Negative (Pro-Trump/Republican)	Biden-Harris Policies	what if joe biden resigned right now	it would be funny	https://www.reddit.com/r/DarkBRANDON/comments/1glbtxc/what_if_joe_biden_resigned_right_now/	158	46	2024-11-06 18:02:21					
darkbrandon	L	Positive (Pro Biden/ Democrats))	Biden-Harris Policies	Why Biden Shouldn't Step Down	A lot of people are posting memes about Biden stepping down and making Harris the 47th president, so Trump's 47 merch is useless. Here's why that's a bad idea:    1. You already have people claiming Harris was given the nomination and didn't earn it. Well, she lost the election, so she certainly didn't earn the presidency. It would just be a participation trophy.  2. The first female president should be elected to a 4-year term, not made president on a technicality. Otherwise, it ruins a historic milestone and gives people the idea that women are selected just to meet DEI quotas.   3. Trump would become the 48th president. 48 is a multiple of 16. This would put Trump in a league with Lincoln and FDR (16th and 32nd), where he clearly doesn't belong. 48 would be more suitable for the Dem we elect in 2028 because he will have to restore the country.  4. If the 47 merch is useless, Trump will immediately have a new line of 48 merch and will grift his supporters out of even more money. And the 47 merch will end up in the garbage beside the "Let's Go Brandon" merch. So much for environmentalism.    Also, Biden shouldn't nominate Harris to the Supreme Court. Even if he has the time and the votes to appoint someone, he should pick someone younger than Harris.	https://www.reddit.com/r/DarkBRANDON/comments/1gp0q51/why_biden_shouldnt_step_down/	340	53	2024-11-11 14:26:57					
darkbrandon	L	Neutral	Biden-Harris Policies	Does anyone have a link to where we can track how many judicial spots are left for Biden to fill and his progress with that over time?	I wold really like to be able to see something that can track the progress of bidens last 40+ judicial nominees getting through.	https://www.reddit.com/r/DarkBRANDON/comments/1gtpble/does_anyone_have_a_link_to_where_we_can_track_how/	19	1	2024-11-17 17:18:44					
democrats	L	Positive (Pro Biden/ Democrats))	Voting	Biden votes early, calls Trump's NYC rally 'simply embarrassing'	https://www.usatoday.com/story/news/politics/elections/2024/10/28/biden-votes-blasts-trump-msg/75896549007/	https://www.usatoday.com/story/news/politics/elections/2024/10/28/biden-votes-blasts-trump-msg/75896549007/	105	7	2024-10-28 21:53:31					
democrats	L	Positive (Pro Biden/ Democrats))	Re-election campaign	They hated it in Biden but love it in Trump… how pathetic	https://i.redd.it/2yxohhzbm6wd1.jpeg	https://i.redd.it/2yxohhzbm6wd1.jpeg	109	34	2024-10-21 18:00:50					
democrats	L	Positive (Pro Biden/ Democrats))	Re-election campaign	Biden and Hillary were right about Trump supporters, example number one billion	https://i.redd.it/a31vwrtyj3yd1.jpeg	https://i.redd.it/a31vwrtyj3yd1.jpeg	126	14	2024-10-31 9:50:57					
democrats	L	Positive (Pro Biden/ Democrats))	Re-election campaign	Interesting - The WhiteHouse.Gov page has "past presidents". Biden Administration telling it like it is. Making Trump look like the criminal that he is. Take a look before it gets taken down in a few months.	https://www.whitehouse.gov/about-the-white-house/presidents/donald-j-trump/	https://www.whitehouse.gov/about-the-white-house/presidents/donald-j-trump/	1694	91	2024-11-15 23:22:27					
democrats	L	Positive (Pro Biden/ Democrats))	Re-election - "Garbage" Comment	MAGA world fumes as Biden says: 'Only garbage I see floating out there is his supporters'	https://www.rawstory.com/joe-biden-2669519098/	https://www.rawstory.com/joe-biden-2669519098/	18892	1664	2024-10-30 6:33:51					
democrats	L	Positive (Pro Biden/ Democrats))	Public Well-being	Obama suprises Joe Biden with the Presidential Medal of Freedom	https://v.redd.it/eub2wsz57eyd1	https://v.redd.it/eub2wsz57eyd1	540	29	2024-11-01 21:38:21					
democrats	L	Negative (Pro-Trump/Republican)	Post-Election	The Biden-Trump White House meeting was more than just a photo-op	https://www.msnbc.com/opinion/msnbc-opinion/biden-trump-white-house-meeting-election-denial-rcna180025	https://www.msnbc.com/opinion/msnbc-opinion/biden-trump-white-house-meeting-election-denial-rcna180025	740	254	2024-11-16 16:49:04					
democrats	L	Positive (Pro Biden/ Democrats))	Post-Election	Biden wants Americans to "bring down the temperature" — but MAGA will not let that happen	https://www.salon.com/2024/11/12/biden-wants-americans-to-bring-down-the-temperature--but-maga-will-not-let-that-happen/	https://www.salon.com/2024/11/12/biden-wants-americans-to-bring-down-the-temperature--but-maga-will-not-let-that-happen/	786	204	2024-11-12 10:23:48					
democrats	L	Positive (Pro Biden/ Democrats))	Post-Election	Now That Trump Won The Election - Will Joe Biden Be The Last Great President?	https://time.com/7172052/how-donald-trump-won-2024/	https://time.com/7172052/how-donald-trump-won-2024/	351	242	2024-11-10 8:46:02					
democrats	L	Positive (Pro Biden/ Democrats))	Post-Election	As an American, I feel insulted by Trump thanking Biden for a smooth transition of power without acknowledging the lack of one he provided when he lost, leading directly to the deaths of countless Americans.	https://www.nbcnews.com/politics/white-house/biden-host-trump-white-house-symbolic-peaceful-transfer-power-rcna179619	https://www.nbcnews.com/politics/white-house/biden-host-trump-white-house-symbolic-peaceful-transfer-power-rcna179619	1406	149	2024-11-13 17:41:53					
democrats	L	Positive (Pro Biden/ Democrats))	Post-Election	Guys remember what Biden said “setbacks are unavoidable, but giving up is unforgivable”	https://i.redd.it/p71osgradmzd1.jpeg	https://i.redd.it/p71osgradmzd1.jpeg	802	163	2024-11-08 1:11:06					
democrats	L	Positive (Pro Biden/ Democrats))	Foreign Conflict 	MAGA “Patriots” are losing what’s left of their minds over Biden’s authorization.	https://i.redd.it/ghjikf8t3l1e1.jpeg	https://i.redd.it/ghjikf8t3l1e1.jpeg	955	331	2024-11-17 23:04:25					
democrats	L	Positive (Pro Biden/ Democrats))	Foreign Conflict 	Biden Allows Critical Aid to Ukraine Ahead of Incoming Trump Administration	https://i.redd.it/1bwja099ii1e1.jpeg	https://i.redd.it/1bwja099ii1e1.jpeg	2128	211	2024-11-17 14:20:03					
democrats	L	Positive (Pro Biden/ Democrats))	Economic Impact	Someone should put the stickers of Biden saying “I did that” back on the pumps now that gas prices are low	https://i.redd.it/2s4dtk11w31e1.jpeg	https://i.redd.it/2s4dtk11w31e1.jpeg	1191	176	2024-11-15 13:10:31					
democrats	L	Positive (Pro Biden/ Democrats))	Economic Impact	Three years in, President Biden’s Bipartisan Infrastructure Law has unleashed investment across California	https://www.gov.ca.gov/2024/11/15/three-years-in-president-bidens-bipartisan-infrastructure-law-has-unleashed-investment-across-california/	https://www.gov.ca.gov/2024/11/15/three-years-in-president-bidens-bipartisan-infrastructure-law-has-unleashed-investment-across-california/	248	6	2024-11-15 19:37:45					
democrats	L	Positive (Pro Biden/ Democrats))	Economic Impact	Thank you, President Biden! Reported by Bloomberg this morning	https://i.redd.it/vs313d8xnwwd1.png	https://i.redd.it/vs313d8xnwwd1.png	583	17	2024-10-25 9:39:21					
democrats	L	Negative (Pro-Trump/Republican)	Biden's final initatives	Former Kamala Harris aide suggests Biden should resign so she can be the 47th president …	https://www.usatoday.com/story/news/politics/elections/2024/11/10/jamal-simmons-joe-biden-kamala-harris/76182658007/	https://www.usatoday.com/story/news/politics/elections/2024/11/10/jamal-simmons-joe-biden-kamala-harris/76182658007/	840	350	2024-11-10 18:30:19					
democrats	L	Positive (Pro Biden/ Democrats))	Biden's final initatives	What are some key executive actions Biden should enact to undermine the next administration's plans?	https://i.redd.it/sl781enhjwzd1.jpeg	https://i.redd.it/sl781enhjwzd1.jpeg	1204	845	2024-11-09 11:26:23					
democrats	L	Negative (Pro-Trump/Republican)	Biden-Harris Policies	Trump promise to repeal Biden climate policies could cost US billions, report finds	https://www.theguardian.com/environment/2024/nov/14/trump-clean-energy-climate-policies	https://www.theguardian.com/environment/2024/nov/14/trump-clean-energy-climate-policies	409	48	2024-11-15 9:28:21					
esist	L	Positive (Pro Biden/ Democrats))	Biden's final initatives	59 days until Trump takes office, Biden has immunity, couldn’t he could stop this?	The title sounds extreme, but it’s what’s on my mind. Trump and his cronies have made no secret of their plans. If the US found plans showing a group outside the US was planning on taking over and turning our government into a dictatorship, Biden’s administration would take action. This is exactly what’s happening, but the threat is from inside. Is Biden pretending this isn’t happening and “taking the high road,” or can he use the newly expanded presidential immunity to round up Trump and his gang and put them away forever, be damned the consequences? Are we not wasting the final days we have to do something while Biden is in power?    I’m over simplifying things and understand it’s not this clear cut or simple.     EDIT: Title gore, for sure. I'm my on worst editor.	https://www.reddit.com/r/esist/comments/1gml1bm/59_days_until_trump_takes_office_biden_has/	214	147	2024-11-08 10:23:54					
esist	L	Positive (Pro Biden/ Democrats))	Biden's final initatives	Executive Actions Biden Could Take Now To Lessen The Impact	https://www.thenation.com/article/politics/trump-biden-election-executive-actions-democracy/	https://www.thenation.com/article/politics/trump-biden-election-executive-actions-democracy/	314	39	2024-11-07 22:12:28					
fuckthealtright	L	Positive (Pro Biden/ Democrats))	Trump Policies	Trump.. "Biden's stacking Judges" Proving again, Trump & Maga are complete hypocrites. Of the 15 post election Federal Judges appointed to a losing President since 1897, Trump appointed 14. (also Biden didn't lose, resigning) Trump is a Fascist.	https://i.redd.it/2zxiser4uw1e1.jpeg	https://i.redd.it/2zxiser4uw1e1.jpeg	206	3	2024-11-19 14:31:36					
fuckthealtright	L	Positive (Pro Biden/ Democrats))	Re-election campaign	Trump saying Senate should stop Biden's post-election confirmations of Federal Judges.. Proving again, Trump and Maga are complete hypocrites. Out of the 15 post election Federal Judges appointed to a losing Prez since 1897, Trump appointed 14. (Biden also didn't lose, resigning) Trump is a Fascist.	https://i.redd.it/psjtp4v2q80e1.jpeg	https://i.redd.it/psjtp4v2q80e1.jpeg	204	4	2024-11-11 4:22:28					
fuckthealtright	L	Positive (Pro Biden/ Democrats))	Re-election - "Garbage" Comment	This leak from the Trump people should be superceding anything Biden said about garbage.	https://i.redd.it/ldjohj8wyyxd1.jpeg	https://i.redd.it/ldjohj8wyyxd1.jpeg	210	3	2024-10-30 18:27:35					
fuckthealtright	L	Neutral	Public Well-being	I just learned that Biden is not to blame for eggs being too expensive. It's actually my brother's fault.	https://www.reddit.com/gallery/1gu9amo	https://www.reddit.com/gallery/1gu9amo	108	19	2024-11-18 11:51:51					
fuckthealtright	L	Negative (Pro-Trump/Republican)	Post-Election	Trump Will Soon Get Classified Briefings Again. Biden has no problems with this, he just wants the transition to go smooth. Biden & his family were mocked 24/7 by Trump & his only answer is to help him back into the White House. Talk about takin' it dry & compromising National Security.	https://time.com/7174648/donald-trump-classified-documents/	https://time.com/7174648/donald-trump-classified-documents/	692	110	2024-11-09 23:55:47					
fuckthealtright	L	Positive (Pro Biden/ Democrats))	Post-Election	Biden and Senate Dems could approve 30 new federal judges before Trump takes office:	https://www.theguardian.com/us-news/2024/nov/13/judges-biden-senate-democrats	https://www.theguardian.com/us-news/2024/nov/13/judges-biden-senate-democrats	149	29	2024-11-13 17:57:54					
fuckthealtright	L	Positive (Pro Biden/ Democrats))	Post-Election	Biden Has 65 Days Left in Office. Here’s What He Can Do on Criminal Justice.	https://www.themarshallproject.org/2024/11/16/trump-biden-judges-death-penalty	https://www.themarshallproject.org/2024/11/16/trump-biden-judges-death-penalty	70	7	2024-11-17 11:38:38					
fuckthealtright	L	Positive (Pro Biden/ Democrats))	Economic Impact	Why millions of Americans just voted against their own self-interest. Inflation was caused by Covid and its mismanagement. Inflation spiked two months into Biden's term as President, yet low information voters blame the Biden admin. for everything bad, no realizing it was all Trump's doing.	https://www.rawstory.com/manosphere/	https://www.rawstory.com/manosphere/	516	12	2024-11-08 17:04:36					
fuckthealtright	L	Positive (Pro Biden/ Democrats))	Economic Impact	Inflation started spiking 2 months into Pres. Biden's term. It spiked in the US & globally, yet Republicans blamed Democrats. It's impossible for Biden to have done anything to spike inflation 2 months into his term. The spike was a result of Trump's spending, tax cuts, supply chain disruptions.	https://i.redd.it/sjpwap1hvd0e1.png	https://i.redd.it/sjpwap1hvd0e1.png	307	12	2024-11-11 21:41:10					
fuckthealtright	L	Positive (Pro Biden/ Democrats))	Economic Impact	Excellent article about why income inequality got Republicans the win. It addresses how Republicans only make the poorer, even poorer & how their dummy supporters think trump is on their side when all he does is hurt them. Speaks also to how Biden admin. actually tried & did help low-income families	https://www.motherjones.com/politics/2024/11/why-donald-trump-won-election-white-house/	https://www.motherjones.com/politics/2024/11/why-donald-trump-won-election-white-house/	65	3	2024-11-08 16:15:18					
fuckthealtright	L	Positive (Pro Biden/ Democrats))	Economic Impact	Trump will take credit for the recovery that is being handed to him by the Biden administration, then say his anti-immigrant agenda is driving it. Trump took credit for what President Barack Obama did after the economic crash in 2007-2008.	https://www.rawstory.com/trump-economy-2669870659/	https://www.rawstory.com/trump-economy-2669870659/	353	2	2024-11-14 17:50:32					
fuckthealtright	L	Positive (Pro Biden/ Democrats))	Biden's final initatives	Let's see you ride that powerful beast President Biden!	https://i.redd.it/7q2f6qhpurzd1.jpeg	https://i.redd.it/7q2f6qhpurzd1.jpeg	192	13	2024-11-08 19:38:33					
joebiden	L	Positive (Pro Biden/ Democrats))	Voting	Joe Biden Was Asked If It Was 'Bittersweet' To Vote For Kamala—And His Reaction Was Everything	https://www.comicsands.com/biden-early-vote-kamala-bittersweet-2669502272.html	https://www.comicsands.com/biden-early-vote-kamala-bittersweet-2669502272.html	823	40	2024-10-29 15:40:55					
joebiden	L	Neutral	Re-election campaign	Far from the race he once envisioned, Joe Biden closes out contest in Scranton	https://www.politico.com/news/2024/11/03/biden-scranton-election-end-00186913	https://www.politico.com/news/2024/11/03/biden-scranton-election-end-00186913	267	6	2024-11-03 19:42:19					
joebiden	L	Positive (Pro Biden/ Democrats))	Re-election campaign	If y'all follow Joe Biden and Kamala Harris on Twitter/X, consider switching over to Threads and BlueSky to follow them. Don't need to support Elon Musk's propaganda machine anymore, especially now that he's Trump's shadow VP	[https://www.threads.net/@joebiden](https://www.threads.net/@joebiden)    [https://bsky.app/profile/joebidenbsky.bsky.social](https://bsky.app/profile/joebidenbsky.bsky.social)	https://www.reddit.com/r/JoeBiden/comments/1gpyv8k/if_yall_follow_joe_biden_and_kamala_harris_on/	641	35	2024-11-12 18:32:32					
joebiden	L	Positive (Pro Biden/ Democrats))	Re-election campaign	Honestly, nothing shows the utter hypocrisy of Republicans after Biden's comment better than this.	https://i.redd.it/r22ip68x6yxd1.jpeg	https://i.redd.it/r22ip68x6yxd1.jpeg	824	23	2024-10-30 15:49:23					
joebiden	L	Positive (Pro Biden/ Democrats))	Re-election campaign	Kamala Harris allies seek to keep the 'Biden coalition' in the fold	https://www.nbcnews.com/news/amp/rcna177419	https://www.nbcnews.com/news/amp/rcna177419	309	14	2024-10-26 21:31:12					
joebiden	L	Positive (Pro Biden/ Democrats))	Re-election - "Garbage" Comment	Biden ‘Garbage’ Controversy Is Pure Republican Hypocrisy	https://nymag.com/intelligencer/article/biden-garbage-trump-supporters.html	https://nymag.com/intelligencer/article/biden-garbage-trump-supporters.html	674	32	2024-10-30 19:30:06					
joebiden	L	Negative (Pro-Trump/Republican)	Re-election - "Garbage" Comment	Harris promises to 'represent all Americans' after Biden's remark on Trump supporters and 'garbage'	https://apnews.com/article/harris-biden-trump-election-garbage-supporters-3d2ea66e3027ddc4bc2b30c13bf7b554	https://apnews.com/article/harris-biden-trump-election-garbage-supporters-3d2ea66e3027ddc4bc2b30c13bf7b554	319	22	2024-10-30 15:14:37					
joebiden	L	Positive (Pro Biden/ Democrats))	Public Well-being	Biden to issue landmark apology over Native American boarding schools	https://www.npr.org/2024/10/24/g-s1-29759/biden-apology-native-american-schools	https://www.npr.org/2024/10/24/g-s1-29759/biden-apology-native-american-schools	286	6	2024-10-25 7:19:16					
joebiden	L	Positive (Pro Biden/ Democrats))	Public Well-being	Biden to apologize to Native Americans for era of boarding school atrocities	https://www.cbsnews.com/news/biden-apology-native-americans-indian-boarding-schools/	https://www.cbsnews.com/news/biden-apology-native-americans-indian-boarding-schools/	281	3	2024-10-24 23:09:50					
joebiden	L	Positive (Pro Biden/ Democrats))	Public Well-being	President Biden and our troops🇺🇸🦅	https://www.reddit.com/gallery/1gp75e7	https://www.reddit.com/gallery/1gp75e7	753	32	2024-11-11 18:54:02					
joebiden	L	Positive (Pro Biden/ Democrats))	Public Well-being	Joe Biden along with Kamala Harris and Deb Haaland have worked to include Indigenous voices from day one.	https://i.redd.it/dba51zftjcxd1.png	https://i.redd.it/dba51zftjcxd1.png	296	1	2024-10-27 15:04:01					
joebiden	L	Positive (Pro Biden/ Democrats))	Public Well-being	Biden-Harris Administration to End Online Junk Fees for Low-Income Families Paying for School Meals	https://www.usda.gov/media/press-releases/2024/11/01/biden-harris-administration-end-online-junk-fees-low-income	https://www.usda.gov/media/press-releases/2024/11/01/biden-harris-administration-end-online-junk-fees-low-income	320	1	2024-11-04 19:36:37					
joebiden	L	Positive (Pro Biden/ Democrats))	Post-Election	Don’t cry because it’s over, smile because it happened💙 The Biden/Harris Administration 2020 - 2024💙🦅🍦🥥🌴	https://www.reddit.com/gallery/1gt2ipy	https://www.reddit.com/gallery/1gt2ipy	678	71	2024-11-16 20:33:54					
joebiden	L	Neutral	Foreign Conflict 	Biden allows Ukraine to use US arms to strike inside Russia	https://www.reuters.com/world/biden-lifts-ban-ukraine-using-us-arms-strike-inside-russia-2024-11-17/	https://www.reuters.com/world/biden-lifts-ban-ukraine-using-us-arms-strike-inside-russia-2024-11-17/	310	22	2024-11-17 14:24:33					
joebiden	L	Positive (Pro Biden/ Democrats))	Economic Impact	Biden administration puts $400M into manufacturing projects in coal communities	https://thehill.com/policy/energy-environment/4945927-biden-administration-400m-manufacturing-projects-coal-communities/	https://thehill.com/policy/energy-environment/4945927-biden-administration-400m-manufacturing-projects-coal-communities/	361	5	2024-10-22 10:00:09					
joebiden	L	Positive (Pro Biden/ Democrats))	Economic Impact	Three years in, President Biden’s Bipartisan Infrastructure Law has unleashed investment across California	https://www.gov.ca.gov/2024/11/15/three-years-in-president-bidens-bipartisan-infrastructure-law-has-unleashed-investment-across-california/	https://www.gov.ca.gov/2024/11/15/three-years-in-president-bidens-bipartisan-infrastructure-law-has-unleashed-investment-across-california/	432	16	2024-11-15 19:37:30					
joebiden	L	Positive (Pro Biden/ Democrats))	Economic Impact	Bidenomics Is Starting to Transform America. Why Has No One Noticed?	https://www.newyorker.com/magazine/2024/11/04/bidenomics-is-starting-to-transform-america-why-has-no-one-noticed	https://www.newyorker.com/magazine/2024/11/04/bidenomics-is-starting-to-transform-america-why-has-no-one-noticed	749	56	2024-10-30 7:53:32					
joebiden	L	Positive (Pro Biden/ Democrats))	Economic Impact	Biden administration announces $3 billion for rural electric co-ops	https://thehill.com/policy/energy-environment/4954170-biden-administration-funding-rural-electric/	https://thehill.com/policy/energy-environment/4954170-biden-administration-funding-rural-electric/	357	7	2024-10-26 0:07:35					
joebiden	L	Positive (Pro Biden/ Democrats))	Economic Impact	President Joe Biden Announces $3 Billion to Strengthen Port Infrastructure, Create Good-Paying and Union Jobs, Bring Cleaner Air to Communities	https://www.whitehouse.gov/briefing-room/statements-releases/2024/10/29/fact-sheet-president-joe-biden-announces-3-billion-to-strengthen-port-infrastructure-create-good-paying-and-union-jobs-bring-cleaner-air-to-communities/	https://www.whitehouse.gov/briefing-room/statements-releases/2024/10/29/fact-sheet-president-joe-biden-announces-3-billion-to-strengthen-port-infrastructure-create-good-paying-and-union-jobs-bring-cleaner-air-to-communities/	269	5	2024-10-29 17:17:01					
joebiden	L	Positive (Pro Biden/ Democrats))	Economic Impact	President Biden locks in $6.6B for TSMC chip factories, ensuring his successor can’t rescind CHIPS Act deal	https://azmirror.com/briefs/biden-locks-in-6-6b-for-huge-tsmc-chip-factories-in-arizona-ensuring-trump-cant-rescind-chips-act-deal/	https://azmirror.com/briefs/biden-locks-in-6-6b-for-huge-tsmc-chip-factories-in-arizona-ensuring-trump-cant-rescind-chips-act-deal/	812	30	2024-11-18 19:49:48					
joebiden	L	Positive (Pro Biden/ Democrats))	Biden's final initatives	Biden team debates how to ‘Trump-proof’ foreign policy	https://www.politico.com/news/2024/11/06/biden-trump-proofing-foreign-policy-00187875	https://www.politico.com/news/2024/11/06/biden-trump-proofing-foreign-policy-00187875	506	34	2024-11-06 15:52:44					
joebiden	L	Positive (Pro Biden/ Democrats))	Biden's final initatives	President Biden needs to blanket pardon everyone that worked in his administration. They’re coming for them.	It’s already been plainly stated that any Democrat that had anything to do with prosecuting for J6 is going to be prosecuted in return.     President Biden needs to use the same tools the republicans have no fear of abusing and pardon anyone involved in investigating trump’s crimes.     If blanket and unsolicited pardons are legal (Clinton did it for the Vietnam War draft dodgers) then it can and should be done now.     Jack Smith did his job. Protect him and the bureaucrats that just did what was asked of them.	https://www.reddit.com/r/JoeBiden/comments/1gm172i/president_biden_needs_to_blanket_pardon_everyone/	797	100	2024-11-07 16:08:52					
joebiden	L	Positive (Pro Biden/ Democrats))	Biden's final initatives	Is there anything Biden can do to save democracy before America falls to fascism January 20th?	I get it, Trump won the election, so America as a nation is finished.    But is there anything President Biden can do with his remaining time? Any sort of safeguards he can put in place?	https://www.reddit.com/r/JoeBiden/comments/1gkuhvr/is_there_anything_biden_can_do_to_save_democracy/	437	227	2024-11-06 4:17:02					
joebiden	L	Positive (Pro Biden/ Democrats))	Biden's final initatives	Before January, Biden can fill 47 federal judicial vacancies, including 30 with no current nominee. But he has to start moving right now.	https://www.uscourts.gov/judges-judgeships/judicial-vacancies/current-judicial-vacancies	https://www.uscourts.gov/judges-judgeships/judicial-vacancies/current-judicial-vacancies	423	13	2024-11-06 11:41:41					
joebiden	L	Positive (Pro Biden/ Democrats))	Biden-Harris Policies	Biden administration announces $3 billion to reduce air pollution from US ports	https://thehill.com/policy/energy-environment/4957748-epa-funding-port-pollution/	https://thehill.com/policy/energy-environment/4957748-epa-funding-port-pollution/	322	4	2024-10-29 7:58:47					
liberal	L	Neutral	Voting	When can we talk about the 12M-15M people who voted for Biden and didn't vote for Hillary or Harris as being due to sexism/unconscious bias?	Trump had nearly the same amount of votes (72M in 2024 so far, 74M in 2020), while Hillary (66M in 2016) and Kamala (67M in 2024) both underperformed from Biden's win (81M in 2020). It seems highly unlikely that both the turnout overall was lower AND Trump converted people from D to R. So the loss was due to a lack of enthusiasm on the Democratic side. I know people will say it's the Comey effect for Hillary and try to lump the economy/immigration/LGBTQ rights for Harris. But that seems to be less likely given the enthusiasm bump she should have gotten from Trump's campaign antics, Roe v Wade, replacing Biden, a great VP pick, etc.    Can we just admit that a good portion of this is to be due to their gender?    And I know some people will state reasons why they didn't like her. Hillary was "unlikeable" and people are saying that Kamala "didn't connect with me", but both of those are subjective and likely due to unconscious sexism. People didn't have to say "I'll never vote for a woman" for it to be sexism. They could just find reasons that they didn't like Hillary/Harris that they wouldn't have found if they were men.	https://www.reddit.com/r/Liberal/comments/1gl2ros/when_can_we_talk_about_the_12m15m_people_who/	533	299	2024-11-06 11:40:54					
liberal	L	Positive (Pro Biden/ Democrats))	Voting	Who were the 9M Biden 2020 voters who stayed home this year and what are their reasons? 90% did not vote for Trump last week.	https://cardinalnews.org/2024/11/11/the-key-election-statistic-many-democrats-simply-didnt-vote/	https://cardinalnews.org/2024/11/11/the-key-election-statistic-many-democrats-simply-didnt-vote/	208	130	2024-11-12 15:17:58					
parlerwatch	L	Positive (Pro Biden/ Democrats))	Re-election campaign	Biden is biting babies! Oh wait, it was playfully	https://i.redd.it/wgwgt78z70yd1.jpeg	https://i.redd.it/wgwgt78z70yd1.jpeg	108	22	2024-10-30 22:37:58					
parlerwatch	L	Positive (Pro Biden/ Democrats))	Re-election campaign	MAGA has to lie about Joe Biden to distract from what MAGA actually did.	https://i.redd.it/9upypspfssxd1.png	https://i.redd.it/9upypspfssxd1.png	874	65	2024-10-29 21:38:48					
pete_buttigieg	L	Positive (Pro Biden/ Democrats))	Biden-Harris Policies	The Biden administration launched 66,000 infrastructure projects. Pete Buttigieg talks about what’s next	https://www.fastcompany.com/91229752/the-biden-administration-launched-66000-infrastructure-projects-pete-buttigieg-talks-about-whats-next	https://www.fastcompany.com/91229752/the-biden-administration-launched-66000-infrastructure-projects-pete-buttigieg-talks-about-whats-next	108	2	2024-11-18 6:52:20					
republicanvalues	L	Positive (Pro Biden/ Democrats))	Re-election campaign	JD Vance Offended by Joe Biden a Day After Complaining About Americans Getting Offended	https://www.thedailybeast.com/jd-vance-offended-by-joe-biden-a-day-after-complaining-about-americans-getting-offended/	https://www.thedailybeast.com/jd-vance-offended-by-joe-biden-a-day-after-complaining-about-americans-getting-offended/	78	6	2024-10-30 17:23:46					
republicanvalues	L	Neutral	Re-election campaign	Donald Trump Declares He 'Shouldn't Have Left' the White House in 2020 Despite Losing the Election to President Joe Biden: Watch	https://okmagazine.com/p/donald-trump-declares-he-shouldnt-have-left-white-house-2020/	https://okmagazine.com/p/donald-trump-declares-he-shouldnt-have-left-white-house-2020/	33	1	2024-11-03 16:46:55					
republicanvalues	L	Positive (Pro Biden/ Democrats))	Re-election - "Garbage" Comment	What is with the media pearl clutching over Democrats saying anything?! Meanwhile, Trump just talked about killing Liz Cheney with a firing squad. But Biden said "garbage" and it will cause the world to collapse!	https://i.redd.it/3cgjxom43ayd1.jpeg	https://i.redd.it/3cgjxom43ayd1.jpeg	71	10	2024-11-01 10:42:07					
republicanvalues	L	Positive (Pro Biden/ Democrats))	Re-election - "Garbage" Comment	Joe Biden: “you’re garbage” . MAGA: “Yes we are” 🤣	https://i.redd.it/vawe4mxrs7yd1.jpeg	https://i.redd.it/vawe4mxrs7yd1.jpeg	21	5	2024-11-01 11:13:01					
republicanvalues	L	Positive (Pro Biden/ Democrats))	Foreign Conflict 	To all you Palestinian protesters voted against Biden and Harris, read it and weep.	https://i.redd.it/19svuf890y0e1.jpeg	https://i.redd.it/19svuf890y0e1.jpeg	194	67	2024-11-15 2:10:28					
republicanvalues	L			Biden saw it coming	https://i.redd.it/nmumxxmqe9yd1.jpeg	https://i.redd.it/nmumxxmqe9yd1.jpeg	63	0	2024-11-01 9:11:48					
sanepolitics	L	Positive (Pro Biden/ Democrats))	Trump Policies	Trump promise to repeal Biden climate policies could cost US billions, report finds	https://www.theguardian.com/environment/2024/nov/14/trump-clean-energy-climate-policies	https://www.theguardian.com/environment/2024/nov/14/trump-clean-energy-climate-policies	71	1	2024-11-15 9:28:47					
sanepolitics	L	Negative (Pro-Trump/Republican)	Re-election campaign	This Is All Joe Biden’s Fault	https://www.nytimes.com/2024/11/09/opinion/joe-biden-kamala-harris-trump.html?unlocked_article_code=1.Yk4.FF7Z.D8Fo_AcaugaM	https://www.nytimes.com/2024/11/09/opinion/joe-biden-kamala-harris-trump.html?unlocked_article_code=1.Yk4.FF7Z.D8Fo_AcaugaM	0	6	2024-11-09 10:57:12					
sanepolitics	L	Positive (Pro Biden/ Democrats))	Re-election - "Garbage" Comment	Biden ‘Garbage’ Controversy Is Pure Republican Hypocrisy	https://nymag.com/intelligencer/article/biden-garbage-trump-supporters.html	https://nymag.com/intelligencer/article/biden-garbage-trump-supporters.html	196	4	2024-10-31 14:33:25					
sanepolitics	L	Negative (Pro-Trump/Republican)	Re-election - "Garbage" Comment	Footage of Biden’s disputed ‘garbage’ comment	https://www.washingtonpost.com/video/politics/footage-of-bidens-disputed-garbage-comment/2024/10/29/77d81055-d23b-4aa4-a25e-f22a0ab50ec5_video.html?utm_source=reddit.com	https://www.washingtonpost.com/video/politics/footage-of-bidens-disputed-garbage-comment/2024/10/29/77d81055-d23b-4aa4-a25e-f22a0ab50ec5_video.html?utm_source=reddit.com	20	6	2024-10-30 6:45:03					
sanepolitics	L	Positive (Pro Biden/ Democrats))	Public Well-being	We Treated President Biden Like S#*T! - Trevor Noah	https://www.youtube.com/watch?v=xma3ZdwtEJ4	https://www.youtube.com/watch?v=xma3ZdwtEJ4	98	3	2024-11-09 22:09:03					
sanepolitics	L	Positive (Pro Biden/ Democrats))	Biden's final initatives	Joe Biden urged to prevent death row execution spree under Trump	https://www.newsweek.com/joe-biden-urged-prevent-trump-death-row-execution-spree-1981920?link_id=0&can_id=58927cbab73eae6071d7b34f3080669c&source=email-urgent-not-a-moment-to-lose-4&email_referrer=email_2522621&email_subject=newsweek-exclusive-joe-biden-urged-to-prevent-death-row-execution-spree-under-trump	https://www.newsweek.com/joe-biden-urged-prevent-trump-death-row-execution-spree-1981920?link_id=0&can_id=58927cbab73eae6071d7b34f3080669c&source=email-urgent-not-a-moment-to-lose-4&email_referrer=email_2522621&email_subject=newsweek-exclusive-joe-biden-urged-to-prevent-death-row-execution-spree-under-trump	34	3	2024-11-08 15:17:32					
the_mueller	L	Positive (Pro Biden/ Democrats))	Voting	A big Thank You to all the fellow Americans who on Tuesday by popular vote will once again reject Trump and choose democracy.A big Fuck You to all the people who put Trump above the law, and put Americans through another Trump trauma.So Fuck Biden,Garland,SCOTUS,Cannon,McAfee,Merchan etc	https://www.nbcnews.com/politics/justice-department/president-elect-biden-wary-trump-focused-investigations-sources-say-n1247959	https://www.nbcnews.com/politics/justice-department/president-elect-biden-wary-trump-focused-investigations-sources-say-n1247959	348	14	2024-11-02 10:47:52					
the_mueller	L	Positive (Pro Biden/ Democrats))	Re-election campaign	Biden says Elon Musk was an ‘illegal worker' when he began U.S. career	https://www.nbcnewyork.com/news/business/money-report/biden-says-elon-musk-was-an-illegal-worker-when-he-began-u-s-career/5926182/	https://www.nbcnewyork.com/news/business/money-report/biden-says-elon-musk-was-an-illegal-worker-when-he-began-u-s-career/5926182/	286	3	2024-10-27 19:11:18					
the_mueller	L	Negative (Pro-Trump/Republican)	Re-election campaign	Trump FREAKS OUT as Biden BOXES HIM IN	https://youtu.be/Om3WracZEF8?si=NPlW_8fuqpMbHZVQ	https://youtu.be/Om3WracZEF8?si=NPlW_8fuqpMbHZVQ	0	3	2024-11-12 7:35:35					
the_mueller	L	Positive (Pro Biden/ Democrats))	Post-Election	Trump Will Soon Get Classified Briefings Again. Biden has no problems with this, he just wants the transition to go smooth. Biden & his family were mocked 24/7 by Trump & his only answer is to help him back into the White House. Talk about takin' it dry & compromising National Security.	https://time.com/7174648/donald-trump-classified-documents/	https://time.com/7174648/donald-trump-classified-documents/	434	52	2024-11-09 23:55:14					
the_mueller	L	Positive (Pro Biden/ Democrats))	Economic Impact	Trump will take credit for the recovery that is being handed to him by the Biden administration, then say his anti-immigrant agenda is driving it. Trump took credit for what President Barack Obama did after the economic crash in 2007-2008.	https://www.rawstory.com/trump-economy-2669870659/	https://www.rawstory.com/trump-economy-2669870659/	1005	32	2024-11-14 17:49:14					
the_mueller	L	Positive (Pro Biden/ Democrats))	Economic Impact	Excellent article about why income inequality got Republicans the win. It addresses how Republicans only make the poorer, even poorer & how their dummy supporters think trump is on their side when all he does is hurt them. Speaks also to how Biden admin. actually tried & did help low-income families	https://www.motherjones.com/politics/2024/11/why-donald-trump-won-election-white-house/	https://www.motherjones.com/politics/2024/11/why-donald-trump-won-election-white-house/	120	12	2024-11-08 16:16:26					
the_mueller	L	Positive (Pro Biden/ Democrats))	Economic Impact	Inflation started spiking 2 months into Pres. Biden's term. It spiked in the US & globally, yet Republicans blamed Democrats. It's impossible for Biden to have done anything to spike inflation 2 months into his term. The spike was a result of Trump's spending, tax cuts, supply chain disruptions.	https://i.redd.it/jzf2vrmkud0e1.png	https://i.redd.it/jzf2vrmkud0e1.png	536	38	2024-11-11 21:40:43					
the_mueller	L	Positive (Pro Biden/ Democrats))	Economic Impact	Excellent article about why income inequality got Republicans the win. It addresses how Republicans only make the poorer, even poorer & how their dummy supporters think trump is on their side when all he does is hurt them. Speaks also to how Biden admin. actually tried & did help low-income families	https://www.motherjones.com/politics/2024/11/why-donald-trump-won-election-white-house/	https://www.motherjones.com/politics/2024/11/why-donald-trump-won-election-white-house/	258	12	2024-11-08 16:14:47					
the_mueller	L	Positive (Pro Biden/ Democrats))	Biden's final initatives	Executive Actions Biden Could Take Now To Lessen The Impact	https://www.thenation.com/article/politics/trump-biden-election-executive-actions-democracy/	https://www.thenation.com/article/politics/trump-biden-election-executive-actions-democracy/	118	23	2024-11-07 22:13:07					
the_mueller	L	Positive (Pro Biden/ Democrats))	Biden-Harris Policies	Why millions of Americans just voted against their own self-interest. Inflation was caused by Covid and its mismanagement. Inflation spiked two months into Biden's term as President, yet low information voters blame the Biden admin. for everything bad, no realizing it was all Trump's doing.	https://www.rawstory.com/manosphere/	https://www.rawstory.com/manosphere/	1116	69	2024-11-08 17:04:06					
thebidenshitshow	L	Negative (Pro-Trump/Republican)	Biden-Harris Policies	More false flag BS from Biden’s people	https://www.reddit.com/gallery/1guwwmj	https://www.reddit.com/gallery/1guwwmj	155	7	2024-11-19 12:13:29					
thelib	L	Positive (Pro Biden/ Democrats))	Re-election campaign	Biden Calling Trump a Threat to Democracy ‘Still Stands’	https://open.substack.com/pub/washingtoncurrent/p/biden-calling-trump-a-threat-to-democracy?r=mq6wy&utm_campaign=post&utm_medium=web	https://open.substack.com/pub/washingtoncurrent/p/biden-calling-trump-a-threat-to-democracy?r=mq6wy&utm_campaign=post&utm_medium=web	349	25	2024-11-14 12:25:06					
thelib	L	Negative (Pro-Trump/Republican)	Re-election campaign	Biden condemning Trump’s MSG rally!	https://v.redd.it/ze7mjsh4ajxd1	https://v.redd.it/ze7mjsh4ajxd1	264	9	2024-10-28 13:39:42					
thelib	L	Neutral	Re-election campaign	Why isn’t Biden taking qualified immunity for a spin?	If the US is truly as screwed as everyone is saying… why not burn it all down? Swing for the fences.	https://www.reddit.com/r/TheLib/comments/1gou445/why_isnt_biden_taking_qualified_immunity_for_a/	170	76	2024-11-11 9:59:21					
thelib	L	Positive (Pro Biden/ Democrats))	Re-election - "Garbage" Comment	I absolutely love how President Biden accidentally goaded MAGA into coming out of the closest and embracing the indisputable fact of what they actually are… “Garbage.”	https://i.redd.it/dm0wv75xuoyd1.jpeg	https://i.redd.it/dm0wv75xuoyd1.jpeg	620	16	2024-11-03 8:29:19					
thelib	L	Positive (Pro Biden/ Democrats))	Post-Election	We need hope and we need to stand up again after this defeat. Stand up against the Fascists and keep Bidens words in mind.	https://v.redd.it/gfd6v3vp4q0e1	https://v.redd.it/gfd6v3vp4q0e1	317	48	2024-11-13 14:54:19					
thelib	L	Negative (Pro-Trump/Republican)	Biden-Harris Policies	Biden and the rest of the spineless Democrats are to blame for failing to defend the USA from enemies foreign and domestic.	Why did it take so long to prosecute Trump for the insurrection?    Why did DOJ wait until the House report forced them to defend the country from Trumputin?    As usual, the Dems are the nerdy smart kids who think the jock bullies will be nice to them and play by the rules if the Dems are nice enough and turn the other cheek.    I am thoroughly disgusted.	https://www.reddit.com/r/TheLib/comments/1goqosx/biden_and_the_rest_of_the_spineless_democrats_are/	72	24	2024-11-11 7:07:06					
trumpgret	L	Negative (Pro-Trump/Republican)	Economic Impact	Trump: "A lot of experts have said the stock market is the only thing that is doing well and that is doing well because our poll numbers are so much higher than Joe Biden's."	https://v.redd.it/40cx3xzh9rmc1	https://v.redd.it/40cx3xzh9rmc1	118	160	2024-03-06 13:16:09					
trumpvirus	L	Positive (Pro Biden/ Democrats))	Re-election campaign	And thanks to Trump and ‘his’ Supreme Court, President Biden can do anything he wants. 😈	https://i.redd.it/q5dg4qpvph1e1.jpeg	https://i.redd.it/q5dg4qpvph1e1.jpeg	134	8	2024-11-17 11:41:00					
trumpvirus	L	Positive (Pro Biden/ Democrats))	Re-election campaign	Biden says Elon Musk was an 'illegal worker' when he began U.S. career	https://www.cnbc.com/2024/10/26/biden-elon-musk-illegal-worker-began-career.html	https://www.cnbc.com/2024/10/26/biden-elon-musk-illegal-worker-began-career.html	61	4	2024-10-28 13:39:25					
trumpvirus	L	Negative (Pro-Trump/Republican)	Re-election campaign	I think we can all agree Biden fumbled the debate. My question to you is whether or not you think he would have still outperformed Harris in the election.	https://i.redd.it/00m5imrj6wzd1.jpeg	https://i.redd.it/00m5imrj6wzd1.jpeg	106	152	2024-11-09 10:11:05					
trumpvirus	L	Positive (Pro Biden/ Democrats))	Re-election - "Garbage" Comment	How dare Biden refer to Trump’s supporters as “garbage.” Oops! Wrong video.	https://x.com/projectlincoln/status/1851704355440689523?s=46	https://x.com/projectlincoln/status/1851704355440689523?s=46	91	4	2024-10-30 16:53:14					
trumpvirus	L	Positive (Pro Biden/ Democrats))	Re-election - "Garbage" Comment	Tsk, Tsk, Tsk! Biden referred to racist Trump supporters as ‘garbage	https://i.redd.it/zhy6baa444yd1.jpeg	https://i.redd.it/zhy6baa444yd1.jpeg	80	6	2024-10-31 11:43:28					
trumpvirus	L	Positive (Pro Biden/ Democrats))	Re-election - "Garbage" Comment	I absolutely love how President Biden accidentally goaded MAGA into coming out of the closest and embracing the indisputable fact of what they actually are… “Garbage.”	https://i.redd.it/nkpsnn23voyd1.jpeg	https://i.redd.it/nkpsnn23voyd1.jpeg	189	8	2024-11-03 8:30:14					
trumpvirus	L	Neutral	Public Well-being	Biden should release all the Epstein files		https://www.reddit.com/r/Trumpvirus/comments/1glff5z/biden_should_release_all_the_epstein_files/	716	52	2024-11-06 20:51:52					
trumpvirus	L	Positive (Pro Biden/ Democrats))	Post-Election	To everyone complaining about Biden being too old? Well, you just elected a man who is roughly the same age Biden was when he took office...	"Tired Trump" is the Republican equivalent of "Sleepy Joe". I agree that he's exhausted. He looks exhausted. He sounds exhausted. In a lot of interviews I've seen of him recently he sounds like he's mumbling. In a lot of videos of his rallies (when he isn't late), he just stands there for several minutes not saying anything and instead just moves around the stage, and if you speed up the footage he looks like the Sims in Sims 1 whenever you turn the "Free Will" option off, put the game in fast mode, and the Sims just stand mostly in the same spot but wander around a little bit and eventually pee their pants before ultimately passing out, or when their date doesn't show up due to a glitch. I wouldn't be surprised if Vance ends up carrying out a lot of his duties (and maybe even his doodies). Maybe there will be pressure for him to resign. Maybe he'll expire before his term does.    I feel really bad saying all this because my dad is in his 70s, is *very* active and in better shape than I am, he's sharp as a tack, and doesn't seem "old." I hope he lives at least another 30 years, and I think he'd be an excellent president because he keeps up to date on everything going on (more so than I do) and most definitely has opinions about what America needs. And I don't think he's given up hope simply because Trump won.	https://www.reddit.com/r/Trumpvirus/comments/1glm07m/to_everyone_complaining_about_biden_being_too_old/	57	13	2024-11-07 3:39:43					
trumpvirus	L	Positive (Pro Biden/ Democrats))	Post-Election	Biden should step down immediately, making Harris president for these last two months.	2 reasons:    1. The citizens of this country will need to deal with a woman as president, whether they like it or not.     2. It will fuck up all the “47” merch.	https://www.reddit.com/r/Trumpvirus/comments/1gmmwls/biden_should_step_down_immediately_making_harris/	1125	172	2024-11-08 11:43:13					
trumpvirus	L	Positive (Pro Biden/ Democrats))	Biden-Harris Policies	As someone who works for a living, I too suffered from the inflation that occurred under the Biden administration. But I realized it wasn't his fault and even if it was, it was better than voting America into becoming a right-wing dictatorship.	https://i.redd.it/le0nkouxouzd1.jpeg	https://i.redd.it/le0nkouxouzd1.jpeg	79	10	2024-11-09 5:10:37					
trumpvirus	L	Negative (Pro-Trump/Republican)	Trump Policies	Why doesn't President Biden act on the protections that the Supreme Court have afforded his office?	The Supreme Court have given full immunity to the president in carrying out core duties. Surely one of the presidents first duties is to protect the constitution and as the mango maniac has promised to suspend the constitution on his first day, isn't that grounds to issue an executive order to lock him up right there?	https://www.reddit.com/r/Trumpvirus/comments/1gsoxv3/why_doesnt_president_biden_act_on_the_protections/	361	87	2024-11-16 9:55:35					
votedem	L	Positive (Pro Biden/ Democrats))	Biden-Harris Policies	Republicans grapple with messaging on Biden climate law	https://www.politico.com/news/2024/11/04/republicans-grapple-with-messaging-on-biden-climate-law-00187237	https://www.politico.com/news/2024/11/04/republicans-grapple-with-messaging-on-biden-climate-law-00187237	85	3	2024-11-05 8:25:10					
wayofthebern	L	Negative (Pro-Trump/Republican)	Re-election campaign	Obama has emerged from his money cave 4X since he delivered Trump to US: 1. Destroy Bernie & his movement 2. Crush NBA strike after cops killed George Floyd 3. Stage coup on Biden 4. Stump for genocidal maniac Kamala, while chastising Black men in advance for her possible loss	https://x.com/leilacleigh/status/1847492298403144032	https://x.com/leilacleigh/status/1847492298403144032	91	100	2024-10-21 16:41:15					
wayofthebern	L	Negative (Pro-Trump/Republican)	Re-election campaign	The media discredited itself in this election: - The removal of Biden was a non-event - The "selection" of Harris was a non-issue, and they converted her into a rock star overnight after ignoring her as a failure for 4 years ... - The media in Europe is especially biased, which is a puzzle as...	https://x.com/Glenn_Diesen/status/1854104560173781421?s=19	https://x.com/Glenn_Diesen/status/1854104560173781421?s=19	25	5	2024-11-06 9:42:24					
wayofthebern	L	Negative (Pro-Trump/Republican)	Re-election campaign	Over 8 years of pushing Obama left: (Obama moves right)... Over 4 years of pushing Biden left: (Biden moves right)... Months of pushing Harris left: (Harris BRINGS IN the right)... Yeah, I think we're done with this game.	https://x.com/ACleverNickname/status/1852454281749667940	https://x.com/ACleverNickname/status/1852454281749667940	33	6	2024-11-03 17:48:22					
wayofthebern	L	Negative (Pro-Trump/Republican)	Public Well-being	Biden is shown his real place at the APEC summit.  At the APEC family photo event in Peru, the 'leader of the free world' was placed in the back corner. Meanwhile, China's Xi takes center stage.	https://i.redd.it/kh1npbjnyg1e1.jpeg	https://i.redd.it/kh1npbjnyg1e1.jpeg	29	23	2024-11-17 9:09:06					
wayofthebern	L	Negative (Pro-Trump/Republican)	Post-Election	Biden's legacy is genocide, war, and nuclear brinkmanship. This is the legacy that Democrats were forced to spend the last election cycle pretending is great and awesome. No wonder they lost. So now, as a parting gift from Joe Biden, Americans and the world get another four years of Donald Trump.	https://x.com/caitoz/status/1855702596482429062	https://x.com/caitoz/status/1855702596482429062	69	6	2024-11-10 16:33:57					
wayofthebern	L	Negative (Pro-Trump/Republican)	Post-Election	This will be Biden/Harris legacy	https://i.imgur.com/RkE7Rsm.jpeg	https://i.imgur.com/RkE7Rsm.jpeg	56	7	2024-11-07 10:18:10					
wayofthebern	L	Negative (Pro-Trump/Republican)	Foreign Conflict 	The Biden admin is complicit in genocide. Harris is 2nd in command. She could have spoken out... could have exposed.... could have resigned... could have announced a change in policy if elected. She did none of that. Instead, she 2x down on genocide. She belongs in The Hague, not the White House.	https://x.com/CraigMokhiber/status/1853825498800849309	https://x.com/CraigMokhiber/status/1853825498800849309	57	9	2024-11-05 15:54:34					
wayofthebern	L	Positive (Pro Biden/ Democrats))	Foreign Conflict 	Rashida Tlaib is joined by colleagues Cori Bush, André Carson, Ilhan Omar, and Summer Lee in a letter demanding a detailed account of US involvement with IOF. Citing the War Powers Resolution of 1973, they assert that the Biden admin’s role in the regional conflict lacks proper authorization.	https://x.com/RepRashida/status/1852359211524456525	https://x.com/RepRashida/status/1852359211524456525	52	12	2024-11-02 19:03:59					
wayofthebern	L	Negative (Pro-Trump/Republican)	Foreign Conflict 	Biden regime admits the population in Gaza has been starving, lacking food, water, medicine and health care. So this week it sent a flimsy warning to Netanyahu. If you do not let in daily 350 humanitarian trucks, paid for the US —giving him 30 days— there might be some suspension of weapon shipments	https://x.com/RalphNader/status/1847494707091272095	https://x.com/RalphNader/status/1847494707091272095	37	6	2024-10-21 0:33:20					
wayofthebern	L	Negative (Pro-Trump/Republican)	Foreign Conflict 	Is there any red line that Israel will be held to? Biden has just confirmed the answer is no	https://www.theguardian.com/commentisfree/2024/nov/13/israel-joe-biden-aid-gaza	https://www.theguardian.com/commentisfree/2024/nov/13/israel-joe-biden-aid-gaza	33	5	2024-11-13 15:15:02					
wayofthebern	L	Negative (Pro-Trump/Republican)	Foreign Conflict 	The Biden admin is so devoted to protecting Israel’s mass murder and starvation siege in Gaza that it’s smearing a top UN official, who is documenting Israeli crimes, as an antisemite. If Democrats are wondering why many anti-genocide voters can’t bring themselves to support Kamala Harris, see here:	https://x.com/aaronjmate/status/1851403113770500532	https://x.com/aaronjmate/status/1851403113770500532	88	23	2024-10-30 16:59:47					
wayofthebern	L	Negative (Pro-Trump/Republican)	Foreign Conflict 	To all Biden/KKKamala shills and fake dem fascists....Trump's victory does not wash the blood of Gazans off your hands.	Nor does it absolve you of your crimes under Joe Hitler and Holocaust Harris for the last 4 years like censorship, pushing untested "vaccines" or giving billions to Nazis in Ukraine and Israel.     If anything, for the next 4 years, we will be blaming for everything that does Trump cause YOUR horrible actions led to his victory.     If you mutter "BUT TRUMP", we'll be reminding you of the sh!t you pulled under Biden, not to absolve Trump, to remind you have no moral leg to stand on since you refuse to be anything but closeted right-wing child-murdering Nazi you choose to be.    That's my two cents.	https://www.reddit.com/r/WayOfTheBern/comments/1grehho/to_all_bidenkkkamala_shills_and_fake_dem/	49	182	2024-11-14 15:32:33					
wayofthebern	L	Negative (Pro-Trump/Republican)	Foreign Conflict 	US law is clear: No nation blocking US humanitarian aid can receive US weapons. Palestinian children are forced to eat pet food and bug infested flour, but Sec. Blinken says there’s no need to change our policy. The Biden administration is refusing to comply with US law.	https://x.com/RepRashida/status/1857134002651779378	https://x.com/RepRashida/status/1857134002651779378	53	3	2024-11-14 16:35:53					
wayofthebern	L	Negative (Pro-Trump/Republican)	Foreign Conflict 	“Organizing under a Democrat President is much easier than under a Republican President.” Not so. We saw scores of activists arrested/imprisoned under both Trump & Biden. Just last week, Pro-Palestine students at UPenn were raided. The differences are entirely negligible.	https://x.com/ballofpotat/status/1849497129305137474	https://x.com/ballofpotat/status/1849497129305137474	51	6	2024-10-26 22:54:27					
wayofthebern	L	Negative (Pro-Trump/Republican)	Foreign Conflict 	After Democrats suffer a humiliating defeat, largely due to the state of the economy and how they’ve chosen to spend tax payer dollars, Biden decides to spend his last months in office sending $6 billion to a losing war effort in Ukraine. They’ve learned NOTHING	https://x.com/realnikohouse/status/1854997314831610088	https://www.reddit.com/r/WayOfTheBern/comments/1gmvgb0/after_democrats_suffer_a_humiliating_defeat/	80	31	2024-11-08 17:49:30					
wayofthebern	L	Negative (Pro-Trump/Republican)	Foreign Conflict 	HUGE: Demented lame duck Joe Biden authorizes the Zelenskyy regime to use long-range American missiles to strike INSIDE RUSSIA, as he attempts to foment World War Three before Trump can take office and bring peace	https://i.redd.it/3ivjre9bti1e1.jpeg	https://i.redd.it/3ivjre9bti1e1.jpeg	49	110	2024-11-17 15:23:17					
wayofthebern	L	Positive (Pro Biden/ Democrats))	Foreign Conflict 	As Biden himself repeatedly complained, Ukraine’s goal is to draw NATO directly in the war. That’s the purpose of this, it draws the US directly into war with Russia. From the Biden faction’s pov, better to leave Trump in direct war with Russia than let Trump cut Ukraine loose.	https://x.com/MarkAmesExiled/status/1858874510935564396?s=19	https://x.com/MarkAmesExiled/status/1858874510935564396?s=19	84	57	2024-11-19 9:59:15					
wayofthebern	L	Negative (Pro-Trump/Republican)	Economic Impact	It’s The Economy, Stupid (AKA Economists) | "Harris lost because of the insistence of Democrats that the economy was good, inflation was fine, and that voters were too stupid to read their own grocery bills. Because of this belief Harris said she wouldn’t have done anything different than Biden did"	https://www.ianwelsh.net/its-the-economy-stupid-aka-economists/	https://www.ianwelsh.net/its-the-economy-stupid-aka-economists/	30	5	2024-11-08 10:54:09					
wayofthebern	L	Negative (Pro-Trump/Republican)	Economic Impact	But I thought Biden was the greatest since FDR?	>The working class of this country is angry.    >They have a reason to be angry.    >The very wealthy are doing phenomenally well, while 60% of us are living paycheck to paycheck.    >It’s time to get big money out of politics and create an economy that works for the people.    Gee ya think?  https://x.com/BernieSanders/status/1855725191990857764	https://www.reddit.com/r/WayOfTheBern/comments/1gp5n75/but_i_thought_biden_was_the_greatest_since_fdr/	31	7	2024-11-11 17:47:53					
wayofthebern	L	Negative (Pro-Trump/Republican)	Economic Impact	Sanders said today again that Biden is the "most progressive president since FDR." This is a total lie. The workers' share of national income has plunged to its lowest level on record under the Biden administration. Biden was a bonanza for Wall Street.	https://x.com/jkishore/status/1850558539518853626	https://x.com/jkishore/status/1850558539518853626	73	41	2024-10-29 11:28:18					
wayofthebern	L	Negative (Pro-Trump/Republican)	Biden's final initatives	No One Is Running America Now | Biden's government was actually decapitated on July 20th but Donald Trump won't be recapitated until January 20th, leaving a nearly six month interregnum. The king is dead and no king yet lives.	https://indi.ca/no-one-is-running-america/	https://indi.ca/no-one-is-running-america/	31	14	2024-11-08 18:39:28					
wayofthebern	L	Negative (Pro-Trump/Republican)	Biden-Harris Policies	Dennis Kucinich: Biden-Harris Brought us Close to WW3, Donald Trump MUST End the Wars to Succeed	https://rumble.com/v5n7jqz-dennis-kucinich-biden-harris-brought-us-close-to-ww3-donald-trump-must-end-.html	https://rumble.com/v5n7jqz-dennis-kucinich-biden-harris-brought-us-close-to-ww3-donald-trump-must-end-.html	46	30	2024-11-09 16:53:23					
wayofthebern	L	Positive (Pro Biden/ Democrats))	Biden-Harris Policies	Carter could have codified Roe v Wade. Clinton could have codified Roe v Wade. Obama could have codified Roe v Wade. Biden could have codified Roe v Wade. How are people so stupid to think that D's want to protect Roe v Wade? They showed us that they aren't interested.	https://x.com/god_yell/status/1850327140622864766	https://x.com/god_yell/status/1850327140622864766	99	37	2024-10-27 14:38:32					
														
														
				category	positive	negative	neutral							
				L	111	40	15							
				R	15	136	14							
				N	92	29	46							
														
				category	Re-election 	Voting	Re-election - 'Garbage' Comment	Biden-Harris Policies	Economic Impact	Public Well-being	Post-Election	Trump Policies	Foreign Conflict	Biden's final initiatives
				L	32	9	16	18	23	13	16	4	20	15
				R	44	14	24	23	5	7	29	6	10	4
				N	22	14	2	24	11	21	14	13	41	6